CompanyName,Symbol,SECURITY_ID
20 Microns Limited,20MICRONS,16921
21St Century Mgmt Service,21STCENMGM,4
360 One Wam Limited,360ONE,13061
3I Infotech Limited,3IINFOLTD,6232
3M India Limited,3MINDIA,474
3P Land Holdings Limited,3PLAND,2595
5Paisa Capital Limited,5PAISA,445
63 Moons Technologies Limited,63MOONS,11868
A2Z Infra Engineering Limited,A2ZINFRA,20906
Aadhar Housing Finance L,AADHARHFC,23729
Aakash Exploration Ser L,AAKASH,235
Aaron Industries Limited,AARON,1030
Aartech Solonics Limited,AARTECH,17145
Aarti Drugs Ltd.,AARTIDRUGS,4481
Aarti Industries Limited,AARTIIND,7
Aarti Pharmalabs Limited,AARTIPHARM,13868
Aarti Surfactants Limited,AARTISURF,19233
Aarvi Encon Limited,AARVI,19073
Aavas Financiers Limited,AAVAS,5385
Abb India Limited,ABB,13
Abbott India Limited,ABBOTINDIA,17903
Aditya Birla Capital Ltd.,ABCAPITAL,21614
A B Cotspin India Limited,ABCOTS,759130
Allied Blend N Distils L,ABDL,24308
Aditya Birla Fashion & Rt,ABFRL,30108
A B Infrabuild Limited,ABINFRA,27020
Aditya Birla Lifes Bran L,ABLBL,756843
Aditya Birla Real Est Limited,ABREL,625
Adit Birl Sun Lif Amc Limited,ABSLAMC,6018
Acc Limited,ACC,22
Accelya Soln India Limited,ACCELYA,7053
Accuracy Shipping Limited,ACCURACY,1465
Action Const Equip Limited,ACE,13587
Ace Integrated Solu. Ltd.,ACEINTEG,11779
Archean Chemical Ind Limited,ACI,12024
Acme Solar Holdings Limited,ACMESOLAR,27061
Acutaas Chemicals Limited,ACUTAAS,5578
Adani Energy Solution Limited,ADANIENSOL,10217
Adani Enterprises Limited,ADANIENT,25
Adani Green Energy Limited,ADANIGREEN,3563
Adani Port & Sez Limited,ADANIPORTS,15083
Adani Power Limited,ADANIPOWER,17388
Adf Foods Limited,ADFFOODS,19761
Archidply Decor Limited,ADL,245
Ador Welding Limited,ADOR,34
Adroit Infotech Limited,ADROITINFO,4953
Allied Digital Serv. Limited,ADSL,14813
Advance Agrolife Limited,ADVANCE,759402
Advani Hot.& Res.(I) Limited,ADVANIHOTR,14745
Advent Hotels Internati L,ADVENTHTL,759769
Advanced Enzyme Tech Limited,ADVENZYMES,18039
Aegis Logistics Limited,AEGISLOG,40
Aegis Vopak Terminals Limited,AEGISVOPAK,757336
Aeroflex Enterprises Limited,AEROENTER,12015
Aeroflex Industries Limited,AEROFLEX,18268
Aeroflex Neu Limited,AERONEU,13689
Aether Industries Limited,AETHER,9810
Afcons Infrastructure Limited,AFCONS,25977
Affle 3I Limited,AFFLE,11343
Afford Robo & Auto Limited,AFFORDABLE,25855
Akme Fintrade (India) Limited,AFIL,24159
Abans Financial Srvcs Limited,AFSL,13288
Agarwal Inds Corp Ltd.,AGARIND,3389
Dr Agarwals Health Care L,AGARWALEYE,29452
Agi Greenpac Limited,AGI,1412
Agi Infra Limited,AGIIL,24445
Agri-Tech (India) Limited,AGRITECH,11072
Agro Phos India Limited,AGROPHOS,9046
Ahlada Engineers Limited,AHLADA,2004
Asian Hotels (East) Limited,AHLEAST,19438
Ahluwalia Cont Ind Limited,AHLUCONT,17833
Aia Engineering Limited,AIAENG,13086
Authum Invest & Infra Limited,AIIL,23553
Airan Limited,AIRAN,9897
Airo Lam Limited,AIROLAM,6068
Ajanta Pharma Limited,AJANTPHARM,8124
Ajax Engineering Limited,AJAXENGG,29624
Ajmera Realty & Inf I Limited,AJMERA,17307
Ajooni Biotech Limited,AJOONI,3403
Akash Infra-Projects Limited,AKASH,13510
Akg Exim Limited,AKG,2176
Aki India Limited,AKI,14890
Aksharchem India Limited,AKSHARCHEM,20178
Aksh Optifibre Limited,AKSHOPTFBR,8591
Akums Drugs & Pharma L,AKUMS,24715
Akzo Nobel India Limited,AKZOINDIA,1467
Alankit Limited,ALANKIT,9921
Albert David Limited,ALBERTDAVD,17256
Alembic Limited,ALEMBICLTD,79
Alicon Castalloy Limited,ALICON,13656
Alivus Life Sciences Limited,ALIVUS,5265
Alkali Metals Limited,ALKALI,16959
Alkem Laboratories Ltd.,ALKEM,11703
Alkyl Amines Chem. Limited,ALKYLAMINE,4487
Allcargo Logistics Limited,ALLCARGO,13501
Alldigi Tech Limited,ALLDIGI,11798
All Time Plastics Limited,ALLTIME,758448
Almondz Global Sec Limited,ALMONDZ,16719
Alok Industries Limited,ALOKINDS,17675
Alpa Laboratories Limited,ALPA,14848
Alphageo (India) Limited,ALPHAGEO,14597
Alps Industries Limited,ALPSINDUS,4060
Amanta Healthcare Limited,AMANTA,758909
Amber Enterprises (I) Limited,AMBER,1185
Ambica Agar & Aromaindltd,AMBICAAGAR,11496
Ambika Cotton Mill Ltd.,AMBIKCO,15234
Ambuja Cements Limited,AMBUJACEM,1270
Amd Industries Limited,AMDIND,14398
Amj Land Holdings Limited,AMJLAND,2598
Amines & Plasticizers Limited,AMNPLST,19867
Amrutajan Health Limited,AMRUTANJAN,17547
Anand Rathi Wealth Limited,ANANDRATHI,7145
Anant Raj Limited,ANANTRAJ,13620
Andhra Paper Limited,ANDHRAPAP,166
Andhra Sugars Limited,ANDHRSUGAR,136
Angel One Limited,ANGELONE,324
Anik Industries Limited,ANIKINDS,16657
Anmol India Limited,ANMOL,3727
Antelopus Selan Enrgy Limited,ANTELOPUS,13598
Antarctica Limited,ANTGRAPHIC,5194
Anthem Biosciences Limited,ANTHEM,757885
Anuh Pharma Limited,ANUHPHR,28314
The Anup Engineering Limited,ANUP,9014
Anupam Rasayan India Limited,ANURAS,2829
Apar Industries Ltd.,APARINDS,11491
Anjani Portland Cem Limited,APCL,20453
Apcotex Industries Limite,APCOTEXIND,154
Apex Frozen Foods Limited,APEX,21623
Apl Apollo Tubes Limited,APLAPOLLO,25780
Alembic Pharma Limited,APLLTD,25328
Apollo Micro Systems Limited,APOLLO,1134
Apollo Hospitals Enter. L,APOLLOHOSP,157
Apollo Pipes Limited,APOLLOPIPE,14361
Apollo Tyres Limited,APOLLOTYRE,163
Apollo Sindoori Hotel Limited,APOLSINHOT,6302
Aptech Limited,APTECHT,10755
Aptus Value Hsg Fin I Limited,APTUS,5435
Archidply Ind. Limited,ARCHIDPLY,16795
Archies Limited,ARCHIES,5688
Amara Raja Energy Mob Limited,ARE&M,100
Rajdarshan Industries Limited,ARENTERP,181
Aries Agro Ltd.,ARIES,15204
Arihant Capital Mkts Limited,ARIHANTCAP,3813
Arihant Superstruct Limited,ARIHANTSUP,20159
Arisinfra Solutions Limited,ARISINFRA,757614
Arkade Developers Limited,ARKADE,25398
Arman Fin Serv Limited,ARMANFIN,17263
Aro Granite Ind. Ltd.,AROGRANITE,14557
Arrow Greentech Limited,ARROWGREEN,9260
Anand Rathi Sh N Stk Br L,ARSSBL,759956
Artemis Med Service Limited,ARTEMISMED,16913
Art Nirman Limited,ARTNIRMAN,6156
Arvee Laboratories I Limited,ARVEE,2814
Arvind Limited,ARVIND,193
Arvind Fashions Limited,ARVINDFASN,9111
Arvind Smartspaces Limited,ARVSMART,10457
Asahi India Glass Limited,ASAHIINDIA,5378
Asahi Songwon Color Limited,ASAHISONG,25088
Automotive Stampings & As,ASAL,10634
Asso Alcohols & Brew Limited,ASALCBR,17598
Ashapura Minechem Limited,ASHAPURMIN,203
Ashiana Housing Limited,ASHIANA,24403
Ashima Limited,ASHIMASYN,206
Ashoka Buildcon Limited,ASHOKA,20182
Ashoka Metcast Limited,ASHOKAMET,16943
Ashok Leyland Limited,ASHOKLEY,212
Asian Energy Services Limited,ASIANENE,7030
Asian Hotels (North) Limited,ASIANHOTNR,18422
Asian Paints Limited,ASIANPAINT,236
Asian Granito Ind. Ltd.,ASIANTILES,14889
Ask Automotive Limited,ASKAUTOLTD,20152
Aspinwall & Co Limited,ASPINWALL,17270
Astec Lifesciences Limited,ASTEC,17728
Aster Dm Healthcare Ltd.,ASTERDM,1508
Astral Limited,ASTRAL,14418
Astra Microwave Limited,ASTRAMICRO,11618
Astrazeneca Pharma Ind Lt,ASTRAZEN,5610
Astron Paper Bord Mil Limited,ASTRON,874
Atal Realtech Limited,ATALREAL,15649
Atam Valves Limited,ATAM,15404
Adani Total Gas Limited,ATGL,6066
Ather Energy Limited,ATHERENERG,757645
Allcargo Terminals Limited,ATL,17778
Atlanta Electricals Limited,ATLANTAELE,759007
Atlas Cycle (Haryana) Limited,ATLASCYCLE,4568
Atul Limited,ATUL,263
Atul Auto Limited,ATULAUTO,30023
Au Small Finance Bank Limited,AUBANK,21238
Auri Grow India Limited,AURIGROW,1607
Aurionpro Soln Limited,AURIONPRO,12022
Aurobindo Pharma Limited,AUROPHARMA,275
Aurum Proptech Limited,AURUM,10310
Ausom Enterprise Limited,AUSOMENT,4037
Automotive Axles Limited,AUTOAXLES,278
Autoline Industries Limited,AUTOIND,14106
Avadh Sug & Energy Limited,AVADHSUGAR,21406
Avalon Technologies Limited,AVALON,15058
Avantel Limited,AVANTEL,24610
Avanti Feeds Limited,AVANTIFEED,7936
Avg Logistics Limited,AVG,15589
Aditya Vision Limited,AVL,25984
Avonmore Cap&Mgt Serv Limited,AVONMORE,13557
Avro India Limited,AVROIND,8827
Avt Natural Products Limited,AVTNPL,14008
Awfis Space Solutions Limited,AWFIS,23864
Antony Waste Hdg Cell Limited,AWHCL,1797
Awl Agri Business Limited,AWL,8110
Axis Bank Limited,AXISBANK,5900
Axita Cotton Limited,AXITA,9902
Aym Syntex Limited,AYMSYNTEX,10285
Azad Engineering Limited,AZAD,20905
B.A.G Films & Media Limited,BAGFILMS,11226
Baid Finserv Limited,BAIDFIN,13794
Bajaj Auto Limited,BAJAJ-AUTO,16669
Bajaj Consumer Care Limited,BAJAJCON,19531
Bajaj Elect.Ltd,BAJAJELEC,15034
Bajaj Finserv Ltd.,BAJAJFINSV,16675
Bajaj Healthcare Limited,BAJAJHCARE,6863
Bajaj Housing Finance Limited,BAJAJHFL,25270
Bajaj Hindusthan Sugar Lt,BAJAJHIND,308
Bajaj Holdings & Invs Limited,BAJAJHLDNG,305
Indef Manufacturing Limited,BAJAJINDEF,29678
Bajel Projects Limited,BAJEL,20531
Bajaj Finance Limited,BAJFINANCE,317
Shree Tirupati Balajee L,BALAJEE,25203
Balaji Telefilms Limited.,BALAJITELE,9158
Balaji Amines Limited,BALAMINES,14501
Balaxi Pharma Limited,BALAXI,11309
Balkrishna Paper Mills L,BALKRISHNA,10181
Balkrishna Ind. Limited,BALKRISIND,335
Balmer Lawrie & Co Limited,BALMLAWRIE,338
Bal Pharma Ltd.,BALPHARMA,13441
Balrampur Chini Mills Limited,BALRAMCHIN,341
Balu Forge Industries Limited,BALUFORGE,23607
Banaras Beads Limited,BANARBEADS,347
Bannari Amman Sugars Limited,BANARISUG,350
Banco Products (I) Limited,BANCOINDIA,13880
Bandhan Bank Limited,BANDHANBNK,2263
Bang Overseas Ltd.,BANG,15303
Banka Bioloo Limited,BANKA,822
Bank of Baroda,BANKBARODA,4668
Bank of India,BANKINDIA,4745
Bansal Wire Industries L,BANSALWIRE,24386
Banswara Syntex Limited,BANSWRAS,14511
Basf India Limited,BASF,368
Bannari Am Spin Mill Ltd.,BASML,12034
Bata India Limited,BATAINDIA,371
Bayer Cropscience Limited,BAYERCROP,17927
Bharat Bijlee Limited,BBL,13761
Black Box Limited,BBOX,3435
Bombay Burmah Trading Cor,BBTC,380
B&B Triplewall Cont Limited,BBTCL,12153
Brightcom Group Limited,BCG,8833
Bcl Industries Limited,BCLIND,2513
Bharat Dynamics Limited,BDL,2144
Beardsell Limited,BEARDSELL,17933
Mrs Bectors Food Spe Limited,BECTORFOOD,1628
Bedmutha Indust Limited,BEDMUTHA,20196
Bharat Electronics Limited,BEL,383
Bella Casa Fash & Ret L,BELLACASA,757938
Belrise Industries Limited,BELRISE,757102
Bhansali Eng. Polymers Lt,BEPL,419
Berger Paints (I) Limited,BERGEPAINT,404
Best Agrolife Limited,BESTAGRO,2306
Beta Drugs Limited,BETA,759842
Bf Investment Limited,BFINVEST,21113
Bhagiradha Chem & Inds L,BHAGCHEM,6164
Bhageria Industries Limited,BHAGERIA,13400
Bhandari Hosiery Exp Limited,BHANDARI,19556
Bharat Forge Limited,BHARATFORG,422
Bharat Rasayan Limited,BHARATRAS,3834
Bharat Seats Limited,BHARATSE,30244
Bharat Wire Ropes Ltd.,BHARATWIRE,16123
Bharti Airtel Limited,BHARTIARTL,10604
Bharti Hexacom Limited,BHARTIHEXA,23489
Bhel,BHEL,438
Bigbloc Construction Limited,BIGBLOC,18431
Bikaji Foods Intern Limited,BIKAJI,11966
Bhartiya International,BIL,7848
Biocon Limited.,BIOCON,11373
Biofil Chem & Pharma Limited,BIOFILCHEM,4136
Birla Cable Limited,BIRLACABLE,477
Birla Corporation Limited,BIRLACORPN,480
Aditya Birla Money Limited,BIRLAMONEY,15239
Birlanu Limited,BIRLANU,1455
Blackbuck Limited,BLACKBUCK,27144
Beml Land Assets Limited,BLAL,15067
Blb Limited,BLBLIMITED,8132
Bliss Gvs Pharma Limited,BLISSGVS,19265
B.L.Kashyap & Son Limited,BLKASHYAP,13290
Bls Intl Servs Limited,BLS,17279
Bls E-Services Limited,BLSE,22566
Blue Dart Express Limited,BLUEDART,495
Blue Jet Healthcare Limited,BLUEJET,19686
Blue Star Limited,BLUESTARCO,8311
Bluestone Jewel Lfstl Limited,BLUESTONE,759291
Bluspring Enterprises Limited,BLUSPRING,757520
Bmw Ventures Limited,BMWVENTLTD,759256
Bodal Chemicals Limited,BODALCHEM,25017
Bohra Industries Limited,BOHRAIND,11640
Bombay Dyeing & Mfg. Co L,BOMDYEING,513
Borana Weaves Limited,BORANA,757919
Borosil Limited,BOROLTD,19401
Borosil Renewables Limited,BORORENEW,3149
Borosil Scientific Limited,BOROSCI,24014
Bosch Limited,BOSCHLTD,2181
Bharat Petroleum Corp Lt,BPCL,526
Bpl Limited,BPL,530
Brigade Enter. Limited,BRIGADE,15184
Brigade Hotel Venture Limited,BRIGHOTEL,757794
Britannia Industries Limited,BRITANNIA,547
Bharat Road Network Limited,BRNL,21683
Brooks Lab Limited,BROOKS,25136
Bse Limited,BSE,19585
Bombay Super Hybrid Seeds,BSHSL,809
Bsl Limited,BSL,559
Birlasoft Limited,BSOFT,6994
Bodhi Tree Multimedia Limited,BTML,14150
Btrfly Gandhi Appl Limited,BUTTERFLY,2716
The Byke Hospitality Limited,BYKE,7919
California Software Co Lt,CALSOFT,8341
Camlin Fine Sciences Limited,CAMLINFINE,6216
Campus Activewear Limited,CAMPUS,9362
Computer Age Mngt Ser Limited,CAMS,342
Canara Bank,CANBK,10794
Can Fin Homes Limited,CANFINHOME,583
Canara Hsbc Life Ins Co L,CANHLIFE,759477
Cantabil Retail Limited,CANTABIL,20160
Capacite Infraproject Limited,CAPACITE,21749
Capillary Techno India L,CAPILLARY,759867
Capital Small Fin Bank L,CAPITALSFB,22675
Caplin Point Lab Ltd.,CAPLIPOINT,3906
Capital Trust Limited,CAPTRUST,19447
Carborundum Universal Limited,CARBORUNIV,595
Care Ratings Limited,CARERATING,29113
Carraro India Limited,CARRARO,28879
Cartrade Tech Limited,CARTRADE,5407
Carysil Limited,CARYSIL,1879
Castrol India Limited,CASTROLIND,1250
Country Club Hosp Hol Limited,CCHHL,6385
Ccl Products (I) Limited,CCL,11452
Central Depo Ser (I) Limited,CDSL,21174
Ceat Limited,CEATLTD,15254
Ceigall India Limited,CEIGALL,24742
Celebrity Fashions Limited,CELEBRITY,13162
Cello World Limited,CELLO,19795
Cemindia Projects Limited,CEMPRO,5622
Century Enka Limited,CENTENKA,619
Central Bank of India,CENTRALBK,14894
Centrum Capital Limited,CENTRUM,2454
Centum Electronics Limited,CENTUM,14982
Century Plyboards (I) Limited,CENTURYPLY,13305
Cera Sanitaryware Limited,CERA,15039
Cesc Limited,CESC,628
Concord Enviro Systems L,CEWATER,28764
Capri Global Capital Limited,CGCL,20329
Cg Power & Ind Sol Limited,CGPOWER,760
Chalet Hotels Limited,CHALET,8546
Chambal Fertilizers Limited,CHAMBLFERT,637
Chembond Materialtech Limited,CHEMBOND,14618
Chembond Chemical Limited,CHEMBONDCH,757989
Chemcon Special Chem Limited,CHEMCON,270
Chemfab Alkalis Limited,CHEMFAB,2799
Chemplast Sanmar Limited,CHEMPLASTS,5449
Chennai Petroleum Corp Lt,CHENNPETRO,2049
Cheviot Company Limited,CHEVIOT,9879
Choice International Limited,CHOICEIN,8866
Cholamandalam In & Fin Co,CHOLAFIN,685
Cholamandalam Fin Hol Limited,CHOLAHLDNG,21740
Cie Automotive India Limited,CIEINDIA,14937
Capital India Finance Limited,CIFL,756015
Cigniti Technologies Limited,CIGNITITEC,5142
Cineline India Limited,CINELINE,27161
Cinevista Limited,CINEVISTA,8024
Cipla Limited,CIPLA,694
Clean Science & Tech Limited,CLEAN,5049
Chaman Lal Setia Exp Limited,CLSEL,3482
Cms Info Systems Limited,CMSINFO,7603
Coal India Limited,COALINDIA,20374
Coastal Corporation Limited,COASTCORP,6006
Cochin Shipyard Limited,COCHINSHIP,21508
Coforge Limited,COFORGE,11543
Cohance Lifesciences Limited,COHANCE,17945
Colgate Palmolive Ltd.,COLPAL,15141
Compucom Software Limited,COMPUSOFT,31138
Container Corp of Ind Limited,CONCOR,4749
Concord Biotech Limited,CONCORDBIO,18060
Confidence Petro Ind Ltd.,CONFIPET,10238
Conso. Fin. & Hold. Ltd.,CONSOFINVT,11731
Control Print Limited,CONTROLPR,17477
Coral India Fin & Hous Lt,CORALFINAC,4007
Cords Cable Indus Ltd.,CORDSCABLE,15271
Coromandel Interntl. Limited,COROMANDEL,739
Cosmo First Limited,COSMOFIRST,742
Country Condo S Limited,COUNCODOS,16986
Cp Capital Limited,CPCAP,20086
Career Point Edutech Limited,CPEDU,758941
Aditya Infotech Limited,CPPLUS,758858
Craftsman Automation Limited,CRAFTSMAN,2854
Canara Robeco Amc Limited,CRAMC,759311
Creative Newtech Limited,CREATIVE,11155
Creative Eye Limited,CREATIVEYE,9384
Creditaccess Grameen Limited,CREDITACC,4421
Crest Ventures Limited,CREST,13900
Crisil Limited,CRISIL,757
Crizac Limited,CRIZAC,757850
Crompt Grea Con Elec Limited,CROMPTON,17094
Crown Lifters Limited,CROWN,8083
Csb Bank Limited,CSBBANK,14966
Csl Finance Limited,CSLFINANCE,10350
Cambridge Tech Enter Limited,CTE,14218
City Union Bank Limited,CUB,5701
Cubex Tubings Limited,CUBEXTUB,4064
Cummins India Limited,CUMMINSIND,1901
Cupid Limited,CUPID,18520
Cyient Limited,CYIENT,5748
Cyient Dlm Limited,CYIENTDLM,17187
Dabur India Limited,DABUR,772
Dalmia Bharat Limited,DALBHARAT,8075
Dalmia Bharat Sug In Limited,DALMIASUG,781
Dam Capital Advisors Limited,DAMCAPITAL,28662
Damodar Industries Limited,DAMODARIND,17541
Dangee Dums Limited,DANGEE,1110
Datamatics Global Ser Limited,DATAMATICS,11423
Data Patterns India Limited,DATAPATTNS,7358
Davangere Sugar Company L,DAVANGERE,21794
D.B.Corp Limited,DBCORP,17881
Deepak Builders & Eng I L,DBEIL,25892
Dilip Buildcon Limited,DBL,18086
Dhampur Bio Organics Limited,DBOL,10893
Valor Estate Limited,DBREALTY,18124
Db (Int) Stock Brokers,DBSTOCKBRO,31107
Dishman Carbo Amcis Limited,DCAL,21704
Dcb Bank Limited,DCBBANK,13725
Dc Infotech & Comun Limited,DCI,11566
Dcm Limited,DCM,805
Dcm Financial Services Lt,DCMFINSERV,4775
Dcm Nouvelle Limited,DCMNVL,11039
Dcm Shriram Limited,DCMSHRIRAM,811
Dcm Shriram Ind Limited,DCMSRIND,7325
Dcw Limited,DCW,817
Dcx Systems Limited,DCXINDIA,11895
Ddev Plastiks Ind Limited,DDEVPLSTIK,29098
Deccan Cements Limited,DECCANCE,14838
Dee Development Eng Limited,DEEDEV,24154
Deepak Fertilizers & Petr,DEEPAKFERT,827
Deepak Nitrite Limited,DEEPAKNTR,19943
Deep Industries Limited,DEEPINDS,3292
Delhivery Limited,DELHIVERY,9599
Delphi World Money Limited,DELPHIFX,24391
Delta Corp Limited,DELTACORP,15044
Delta Manufacturing Limited,DELTAMAGNT,1214
Den Networks Limited,DEN,17722
De Nora India Limited,DENORA,4279
Denta Water N Infra Sol L,DENTA,29256
Dev Info Technology Limited,DEVIT,8146
Dev Accelerator Limited,DEVX,759079
Devyani International Limited,DEVYANI,5373
Digicontent Limited,DGCONTENT,10346
Dhampur Sugar Mills Ltd.,DHAMPURSUG,857
Dhanlaxmi Bank Limited,DHANBANK,11359
Dhanuka Agritech Limited,DHANUKA,24409
Dharmaj Crop Guard Limited,DHARMAJ,13001
Dhruv Consultancy Ser Limited,DHRUV,6858
Dhunseri Investments Limited,DHUNINV,22233
Diamond Power Infra Limited,DIACABS,18543
Diamines & Chemicals Limited,DIAMINESQ,18644
Prataap Snacks Limited,DIAMONDYD,21840
Dic India Limited,DICIND,703
Diffusion Engineers Limited,DIFFNKG,25672
Digidrive Distributors L,DIGIDRIVE,21247
Digitide Solutions Limited,DIGITIDE,757515
Debock Industries Limited,DIL,8657
Dish Tv India Ltd.,DISHTV,14537
Divgi Torqtransfer Syst L,DIVGIITTS,14479
Divi S Laboratories Limited,DIVISLAB,10940
Dixon Techno (India) Limited,DIXON,21690
Dj Mediaprint & Log Limited,DJML,12749
Dlf Limited,DLF,14732
D-Link India Limited,DLINKINDIA,17851
Avenue Supermarts Limited,DMART,19913
Dmcc Speciality Chemicals,DMCC,6973
Diligent Media Corp Ltd.,DNAMEDIA,641
Dodla Dairy Limited,DODLA,4822
Dolat Algotech Limited,DOLATALGO,12124
Dollar Industries Limited,DOLLAR,20560
Dolphin Off Ent (Ind) L,DOLPHIN,18139
Doms Industries Limited,DOMS,20551
Donear Ind. Limited,DONEAR,13839
D. P. Abhushan Limited,DPABHUSHAN,936
Dpsc Limited,DPSCLTD,15419
D P Wires Limited,DPWIRES,16900
Drc Systems India Limited,DRCSYSTEMS,2645
Dreamfolks Services Limited,DREAMFOLKS,10859
Dredging Corp of India,DREDGECORP,11271
Dr. Reddy S Laboratories,DRREDDY,881
Dynacons Sys & Soln Limited,DSSL,25690
Dhunseri Tea & Ind. Ltd.,DTIL,6227
Ducon Infratechnologies L,DUCON,28952
Dhunseri Ventures Limited,DVL,15214
Dwarikesh Sugar Ind Limited,DWARKESH,11667
Dynamic Cables Limited,DYCL,10417
Dynamatic Technologies,DYNAMATECH,4525
Dynemic Products Limited,DYNPRO,21314
E2E Networks Limited,E2E,8937
Easy Trip Planners Limited,EASEMYTRIP,2792
Gng Electronics Limited,EBGNG,757862
Eclerx Services Limited,ECLERX,15179
Ecos (India) Mob & Hosp L,ECOSMOBLTY,25060
Edelweiss Fin Serv Limited,EDELWEISS,15119
Efc (I) Limited,EFCIL,758675
Eicher Motors Limited,EICHERMOT,910
Eid Parry India Limited,EIDPARRY,916
Enviro Infra Engineers L,EIEL,27213
Euro (I) Fresh Foods Limited,EIFFL,6040
Eih Associated Hotels Limited,EIHAHOTELS,15399
Eih Limited,EIHOTEL,919
Eimco Elecon (India) Limited,EIMCOELECO,4040
Everest Kanto Cylinderltd,EKC,13091
Eldeco Hsg & Ind Ltd.,ELDEHSG,8953
Elecon Eng. Co. Limited,ELECON,13643
Electrosteel Castings Limited,ELECTCAST,928
Electrotherm (I) Ltd.,ELECTHERM,4469
Elgi Equipments Limited,ELGIEQUIP,937
Elin Electronics Limited,ELIN,13423
Ellenbarrie Indus Gases L,ELLEN,758563
Emami Limited,EMAMILTD,13517
Emami Paper Mills Limited,EMAMIPAP,10074
Emami Realty Limited,EMAMIREAL,19277
Embassy Developments Limited,EMBDL,14450
Emcure Pharmaceuticals L,EMCURE,24398
Electronics Mart Ind Limited,EMIL,11530
Emmbi Industries Limited,EMMBI,18142
Emmvee Photovoltaic Pwr L,EMMVEE,759728
Ems Limited,EMSLIMITED,18593
Emudhra Limited,EMUDHRA,9756
Endurance Techno. Ltd.,ENDURANCE,18822
Energy Deve. Co.Ltd,ENERGYDEV,15049
Engineers India Limited,ENGINERSIN,4907
Entertain Net. Ind. Ltd.,ENIL,13192
Siemens Energy India Limited,ENRIN,756871
Entero Healthcare Solu L,ENTERO,22717
Epack Durable Limited,EPACK,22463
Epack Prefab Techn Limited,EPACKPEB,759251
Epigral Limited,EPIGRAL,5382
Epl Limited,EPL,981
Equitas Small Fin Bnk Limited,EQUITASBNK,913
Eris Lifesciences Limited,ERIS,21154
Esab India Limited,ESABINDIA,955
Esaf Small Finance Bank L,ESAFSFB,19878
Escorts Kubota Limited,ESCORTS,958
Integra Essentia Limited,ESSENTIA,30323
Ester Industries Limited,ESTER,24265
Eternal Limited,ETERNAL,5097
Ethos Limited,ETHOSLTD,9750
Eureka Forbes Limited,EUREKAFORB,25162
Euro Panel Products Limited,EUROBOND,757953
Euro Pratik Sales Limited,EUROPRATIK,759797
Eveready Inds. Ind. Ltd.,EVEREADY,11782
Everest Industries Limited,EVERESTIND,993
Excel Industries Limited,EXCELINDUS,11471
Excelsoft Technologies L,EXCELSOFT,760007
Exicom Tele Systems Limited,EXICOM,22947
Exide Industries Limited,EXIDEIND,676
Expleo Solutions Limited,EXPLEOSOL,17486
Fabtech Technologies Limited,FABTECH,760125
Fact Limited,FACT,1008
Fairchem Organics Limited,FAIRCHEMOR,1614
Faze Three Limited,FAZE3Q,12000
Fcs Software Soln. Ltd.,FCSSOFT,11999
Fdc Limited,FDC,4898
Federal Bank Limited,FEDERALBNK,1023
Fedbank Financial Ser L,FEDFINA,20322
Fiberweb India Limited,FIBERWEB,8159
Fiem Industries Limited,FIEMIND,13710
Filatex India Limited,FILATEX,24532
Filatex Fashions Limited,FILATFASH,23647
Finolex Cables Limited,FINCABLES,1038
Fine Organic Ind. Ltd.,FINEORG,3744
Finkurve Financial Serv L,FINKURVE,759239
Fino Payments Bank Limited,FINOPB,6579
Finolex Industries Limited,FINPIPE,1041
Brainbees Solutions Limited,FIRSTCRY,24814
Fischer Medical Venture L,FISCHER,757658
Five-Star Bus Fin Limited,FIVESTAR,12032
Flair Writing Indust Limited,FLAIR,20372
Flexituff Ventures Int L,FLEXITUFF,25512
Gujarat Fluorochem Limited,FLUOROCHEM,13750
Federal-Mogul Goetze (Ind,FMGOETZE,1190
Focus Lightg & Fixtrs Limited,FOCUS,6836
Foods & Inns Limited,FOODSIN,6673
Force Motors Limited,FORCEMOT,11573
Fortis Healthcare Limited,FORTIS,14592
Foseco India Limited,FOSECOIND,1073
Firstsource Solu. Ltd.,FSL,14304
Fusion Finance Limited,FUSION,11932
Gabriel India Limited,GABRIEL,1085
Gujarat Ambuja Exports Lt,GAEL,8828
Gail (India) Limited,GAIL,4717
Gala Precision Eng Limited,GALAPREC,25134
Galaxy Surfactants Limited,GALAXYSURF,1315
Gallantt Ispat Limited,GALLANTT,13337
Gandhar Oil Refine Ind L,GANDHAR,20303
Gandhi Spl. Tubes Limited,GANDHITUBE,14116
Ganesha Ecosphere Limited,GANECOS,6944
Ganesh Benzoplast Limited,GANESHBE,5614
Ganesh Consumer Product L,GANESHCP,759012
Ganesh Housing Limited,GANESHHOU,14339
Ganga Forging Limited,GANGAFORGE,4957
Ganges Securities Limited,GANGESSECU,21399
Garware Tech Fibres Limited,GARFIBRES,1100
Garuda Construct N Eng L,GARUDA,25800
Gacm Technologies Limited,GATECH,17888
Gacm Technologies Limited,GATECHDVR,17
Gateway Distriparks Limited,GATEWAY,8510
Geecee Ventures Limited,GEECEE,13658
Gem Aromatics Limited,GEMAROMA,759461
Generic Eng Cons Proj Limited,GENCON,2188
Genesys Intl Corpn Limited,GENESYS,10905
Genus P&B Limited,GENUSPAPER,6600
Genus Power Infrastru Limited,GENUSPOWER,11905
Geojit Financial Ser L,GEOJITFSL,11896
The Ge Shpg.Ltd,GESHIP,13776
Gfl Limited,GFLLIMITED,1289
Ghcl Limited,GHCL,1127
Ghcl Textiles Limited,GHCLTEXTIL,16696
Gic Housing Finance Limited,GICHSGFIN,1139
General Ins Corp of India,GICRE,277
Gillanders Arbuthnot Limited,GILLANDERS,17839
Gillette India Limited,GILLETTE,1576
Ginni Filaments Limited,GINNIFILA,1142
Guj Ind Pow Co. Limited,GIPCL,1145
Gk Energy Limited,GKENERGY,759048
Gkw Limited,GKWLIMITED,17357
Gland Pharma Limited,GLAND,1186
Glaxosmithkline Pharma Lt,GLAXO,1153
Glenmark Pharmaceuticals,GLENMARK,7406
Global Education Limited,GLOBAL,1415
Globale Tessile Limited,GLOBALE,24932
Global Vec Helicorp Limited,GLOBALVECT,13735
Globe Enterprise (I) Limited,GLOBE,393
Globe Civil Projects Limited,GLOBECIVIL,758572
Globus Spirits Limited,GLOBUSSPR,17424
Gloster Limited,GLOSTERLTD,23590
Glottis Limited,GLOTTIS,760116
G M Breweries Limited,GMBREW,1168
Gujarat Mineral Dev Corp,GMDCLTD,5204
Gmm Pfaudler Limited,GMMPFAUDLR,1570
Gmr Airports Limited,GMRAIRPORT,13528
Gmr Pow & Urban Infra L,GMRP&UI,8529
Gna Axles Limited,GNA,18571
Guj Nar Val Fer & Chem L,GNFC,1174
Goa Carbon Limited,GOACARBON,14687
Gocl Corporation Limited,GOCLCORP,3963
Go Fashion India Limited,GOCOLORS,6964
Godavari Biorefineries L,GODAVARIB,25941
Godfrey Phillips India Lt,GODFRYPHLP,1181
Go Digit General Ins Limited,GODIGIT,23799
Godrej Agrovet Limited,GODREJAGRO,144
Godrej Consumer Products,GODREJCP,10099
Godrej Industries Limited,GODREJIND,10925
Godrej Properties Limited,GODREJPROP,17875
Gokaldas Exports Ltd.,GOKEX,11778
Gokul Refoils & Solv Limited,GOKUL,16705
Gokul Agro Resources Limited,GOKULAGRO,14480
Goldiam International Limited,GOLDIAM,11971
Aion-Tech Solutions Limited,GOLDTECH,9874
Goodluck India Limited,GOODLUCK,6125
Gopal Snacks Limited,GOPAL,23066
Goyal Aluminiums Limited,GOYALALUM,11787
Godawari Pow & Isp Limited,GPIL,13409
Gujarat Pipavav Port Limited,GPPL,19731
Gpt Healthcare Limited,GPTHEALTH,22846
Gpt Infraprojects Limited,GPTINFRA,17685
Granules India Limited,GRANULES,11872
Graphite India Limited,GRAPHITE,592
Grasim Industries Limited,GRASIM,1232
Gravita India Limited,GRAVITA,20534
Greaves Cotton Ltd.,GREAVESCOT,1235
Greenlam Industries Ltd.,GREENLAM,6848
Greenpanel Industries Limited,GREENPANEL,13810
Greenply Industries Limited,GREENPLY,3987
Orient Green Power Co Limited,GREENPOWER,20110
Grindwell Norton Limited,GRINDWELL,13560
G R Infraprojects Limited,GRINFRA,5054
Grm Overseas Limited,GRMOVER,10871
The Grob Tea Company Limited,GROBTEA,17770
Billionbrains Garage Vn L,GROWW,759806
Grp Limited,GRPLTD,6543
Garden Reach Ship&Eng Limited,GRSE,5475
Garware Hi-Tech Films Limited,GRWRHITECH,7982
Guj State Fert & Chem Limited,GSFC,1247
Global Surfaces Limited,GSLSU,14599
Gujarat State Petro Limited,GSPL,13197
Gss Infotech Limited,GSS,15347
G-Tec Jainx Education Limited,GTECJAINX,1129
Gtl Limited,GTL,1162
Gtl Infra.Ltd,GTLINFRA,13745
Gtpl Hathway Limited,GTPL,21195
Gufic Biosciences Ltd.,GUFICBIO,11606
Gujarat Alkalies & Chem,GUJALKALI,1267
Gujarat Gas Limited,GUJGASLTD,10599
Gujarat Themis Biosyn Limited,GUJTHEM,29731
Gulf Oil Lub. Ind. Ltd.,GULFOILLUB,4391
Gp Petroleums Limited,GULFPETRO,11581
Gulshan Polyols Limited,GULPOLY,6286
Ge Power India Limited,GVPIL,7862
Gvp Infotech Limited,GVPTECH,10865
Ge Vernova T&D India Limited,GVT&D,16783
Hindustan Aeronautics Limited,HAL,2303
Haleos Labs Limited,HALEOSLABS,21551
Happiest Minds Techno Limited,HAPPSTMNDS,48
Happy Forgings Limited,HAPPYFORGE,20854
Hardwyn India Limited,HARDWYN,8962
Hariom Pipe Industries L,HARIOMPIPE,8968
Harrison Malayalam Limited,HARRMALAYA,1313
Harsha Engineers Int Limited,HARSHA,11162
Hathway Cable & Datacom,HATHWAY,18154
Hatsun Agro Product Ltd.,HATSUN,3892
Havells India Limited,HAVELLS,9819
Sri Havisha Hosp & Infr L,HAVISHA,7457
Hbl Engineering Limited,HBLENGINE,13966
Hindustan Construction Co,HCC,1375
Healthcare Glob. Ent. Limited,HCG,15555
Hcl Infosystems Limited,HCL-INSYS,1327
Hcl Technologies Limited,HCLTECH,7229
Hdb Financial Services L,HDBFS,757772
Hdfc Amc Limited,HDFCAMC,4244
Hdfc Bank Limited,HDFCBANK,1333
Hdfc Life Ins Co Limited,HDFCLIFE,467
Heads Up Ventures Limited,HEADSUP,19205
Hec Infra Projects Limited,HECPROJECT,7425
Heg Limited,HEG,1336
Heidelbergcement (I) Limited,HEIDELBERG,2316
Hemisphere Prop Ind Limited,HEMIPROP,701
Heranba Industries Limited,HERANBA,2614
Hercules Investments Limited,HERCULES,15288
Heritage Foods Limited,HERITGFOOD,4598
Hero Motocorp Limited,HEROMOTOCO,1348
Hester Biosciences Limited,HESTERBIO,7048
Heubach Colorants Ind Limited,HEUBACHIND,715
Hexa Tradex Limited,HEXATRADEX,27008
Hexaware Technologies Limited,HEXT,29666
Hfcl Limited,HFCL,21951
H.G.Infra Engineering Limited,HGINFRA,1672
Hinduja Global Sols. Ltd.,HGS,14712
Hikal Limited,HIKAL,9668
Highway Infrastructure L,HILINFRA,759103
Hilton Metal Forging Limited,HILTON,14627
Himatsingka Seide Limited,HIMATSEIDE,1360
Hindalco Industries Limited,HINDALCO,1363
Hindustan Composites Ltd.,HINDCOMPOS,1372
Hindcon Chemicals Limited,HINDCON,4920
Hindustan Copper Limited,HINDCOPPER,17939
Hindustan Oil Exploration,HINDOILEXP,1403
Hindustan Petroleum Corp,HINDPETRO,1406
Hindustan Unilever Ltd.,HINDUNILVR,1394
Hindware Hme Inovaton Limited,HINDWAREAP,15883
Hindustan Zinc Limited,HINDZINC,1424
Hind Rectifier Limited,HIRECT,13890
Hisar Metal Ind. Limited,HISARMETAL,19322
Hi-Tech Pipes Limited,HITECH,2868
Hitech Corporation Limited,HITECHCORP,15161
Hle Glascoat Limited,HLEGLAS,2289
Hlv Limited,HLVLTD,1448
Hma Agro Industries Limited,HMAAGRO,17053
Hindustan Media Vent Limited,HMVL,19211
Hindustan Foods Limited,HNDFDS,12173
Home First Fin Co Ind Limited,HOMEFIRST,2056
Honasa Consumer Limited,HONASA,19813
Honeywell Automation Ind,HONAUT,3417
Honda I Power Product Limited,HONDAPOWER,3138
Hp Adhesives Limited,HPAL,7376
Hindprakash Industry Limited,HPIL,11796
Hpl Electric & Power Limited,HPL,18679
Himadri Speciality Chem L,HSCL,14334
Ht Media Limited,HTMEDIA,11979
Hubtown Limited,HUBTOWN,14203
Hsg & Urban Dev Corpn Limited,HUDCO,20825
Huhtamaki India Limited,HUHTAMAKI,2562
Hyundai Motor India Limited,HYUNDAI,25844
Ice Make Refrigerat Limited,ICEMAKE,489
Icici Bank Ltd.,ICICIBANK,4963
Icici Lombard Gic Limited,ICICIGI,21770
Icici Pru Life Ins Co Limited,ICICIPRULI,18652
Indo Count Industries Limited,ICIL,11987
Icra Limited,ICRA,14523
Idbi Bank Limited,IDBI,1476
Vodafone Idea Limited,IDEA,14366
Ideaforge Techno Limited,IDEAFORGE,17140
Idfc First Bank Limited,IDFCFIRSTB,11184
Indian Energy Exc Limited,IEX,220
Ifb Agro Industries Limited,IFBAGRO,1482
Ifb Industries Limited,IFBIND,1485
Ifci Limited,IFCI,1491
Ifgl Refractories Limited,IFGLEXPOR,436
Igarashi Motors India Limited,IGARASHI,634
Indogulf Cropsciences Limited,IGCL,757801
Internatio Gemm Ins (I) L,IGIL,28378
Indraprastha Gas Limited,IGL,11262
I G Petrochemicals Limited,IGPL,14086
Iifl Finance Limited,IIFL,11809
Iifl Capital Services Limited,IIFLCAPS,13072
Industrial Inv Trust Limited,IITL,19525
Ikio Technologies Limited,IKIO,16822
Inventurus Knowledge So L,IKS,28125
Imagicaaworld Ent Limited,IMAGICAA,7672
Indian Metals & Ferro,IMFA,19235
Ind Motor Part & Acc Limited,IMPAL,12009
Incredible Industries Limited,INCREDIBLE,17507
Indbank Merch Bank,INDBANK,16933
Indegene Limited,INDGN,23693
The Indian Hotels Co. Limited,INDHOTEL,1512
The India Cements Limited,INDIACEM,1515
India Glycols Limited,INDIAGLYCO,1521
Indiamart Intermesh Limited,INDIAMART,10726
Indian Bank,INDIANB,14309
Indian Card Clothing Co.,INDIANCARD,4422
Indian Hume Pipe Co. Ltd.,INDIANHUME,1530
India Shelter Fin Corp L,INDIASHLTR,20556
Interglobe Aviation Limited,INDIGO,11195
Indigo Paints Limited,INDIGOPNTS,2048
Indiqube Spaces Limited,INDIQUBE,757845
India Nippon Elect Limited,INDNIPPON,4747
Indo Amines Limited,INDOAMIN,9116
Indo Borax & Chemical Limited,INDOBORAX,8614
Indoco Remedies Ltd.,INDOCO,11677
Indo Farm Equipment Limited,INDOFARM,29025
Indo Rama Synthetics Limited,INDORAMA,10993
Indostar Capital Fin Limited,INDOSTAR,3088
Indo Tech Transform Ltd.,INDOTECH,13275
Indo Us Biotech Limited,INDOUS,25503
Indowind Energy Limited,INDOWIND,14952
Indraprastha Medical Corp,INDRAMEDCO,4751
Ind Swift Laboratories Lt,INDSWFTLAB,4870
Ind Terrain Fashions Limited,INDTERRAIN,21957
Indusind Bank Limited,INDUSINDBK,5258
Indus Towers Limited,INDUSTOWER,29135
Infibeam Avenues Limited,INFIBEAM,16249
Infobeans Techno. Ltd.,INFOBEAN,11027
Infomedia Press Limited,INFOMEDIA,13693
Infosys Limited,INFY,1594
Ingersoll-Rand India Limited,INGERRAND,1597
Innova Captab Limited,INNOVACAP,21062
Innovana Thinklabs Limited,INNOVANA,27754
Inox Green Energy Ser Limited,INOXGREEN,12188
Inox India Limited,INOXINDIA,20607
Inox Wind Limited,INOXWIND,7852
Insecticides (I) Limited,INSECTICID,14657
Inspirisys Solutions Limited,INSPIRISYS,13730
Intellect Design Arena,INTELLECT,5926
Interarch Bldng Soltn Limited,INTERARCH,24909
Intl Conveyors Limited,INTLCONV,5606
Inventure Gro & Sec Limited,INVENTURE,24870
Indian Overseas Bank,IOB,9348
Indian Oil Corp Limited,IOC,1624
Iol Chem & Pharma Limited,IOLCP,20413
Ion Exchange (India) Limited,IONEXCHANG,1630
Ipca Laboratories Limited,IPCALAB,1633
India Pesticides Limited,IPL,4934
Irb Infra Dev Ltd.,IRB,15313
Ircon International Limited,IRCON,4986
Indian Rail Tour Corp Limited,IRCTC,13611
Indian Renewable Energy,IREDA,20261
Indian Railway Fin Corp L,IRFC,2029
Iris Business Serv Limited,IRIS,6489
Iris Clothings Limited,IRISDOREME,2275
Irm Energy Limited,IRMENERGY,19597
Intrasoft Tech. Limited,ISFT,18479
Isgec Heavy Eng Limited,ISGEC,3329
Itc Limited,ITC,1660
Itc Hotels Limited,ITCHOTELS,29251
India Tour. Dev. Co. Ltd.,ITDC,19299
Iti Limited,ITI,1675
Ivalue Infosolutions Limited,IVALUE,759041
Il&Fs Investment Managers,IVC,6711
Ivp Limited,IVP,1681
Le Travenues Technology L,IXIGO,24067
J & K Bank Ltd.,J&KBANK,5633
Jagran Prakashan Limited,JAGRAN,13211
Jagsonpal Pharmaceuticals,JAGSNPHARM,4410
Jai Balaji Industries Limited,JAIBALAJI,11256
Jai Corp Limited,JAICORPLTD,5143
Jain Resource Recycling L,JAINREC,759244
Nandani Creation Limited,JAIPURKURT,5516
Jamna Auto Ind Limited,JAMNAAUTO,20778
Jaro Ins of Tec Mg N Re L,JARO,759951
Jash Engineering Limited,JASH,13982
Jayant Agro Organics Limited,JAYAGROGN,4041
Jay Bharat Maruti Limited,JAYBARMARU,1708
Jayaswal Neco Industr Limited,JAYNECOIND,2331
Jayshree Tea & Industries,JAYSREETEA,1720
J B Chemicals & Pharma,JBCHEPHARM,1726
Jbm Auto Limited,JBMA,11655
Johnson Controls Hitachi,JCHAC,4491
Jet Freight Logistics Limited,JETFREIGHT,7211
J.G.Chemicals Limited,JGCHEM,23056
Jhs Svend. Lab. Limited,JHS,13720
Jindal Photo Limited,JINDALPHOT,11743
Jindal Poly Films Limited,JINDALPOLY,1756
Jindal Saw Limited,JINDALSAW,3024
Jindal Steel Limited,JINDALSTEL,6733
Jindal Drilling Ind. Limited,JINDRILL,13875
Jindal Worldwide Limited,JINDWORLD,20642
Jio Fin Services Limited,JIOFIN,18143
Jain Dvr Equity Shares,JISLDVREQS,25684
Jain Irrigation Systems,JISLJALEQS,10397
Jk Cement Limited,JKCEMENT,13270
Jkumar Infr.Ltd.,JKIL,15266
Jinkushal Industries Limited,JKIPL,759205
Jk Lakshmi Cement Limited,JKLAKSHMI,13491
Jk Paper Limited,JKPAPER,11860
Jk Tyre & Industries Limited,JKTYRE,14435
Jupiter Life Line Hosp L,JLHL,18553
Jullundur Mot Agency Limited,JMA,7109
Jm Financial Limited,JMFINANCIL,13637
Jnk India Limited,JNKINDIA,23621
Jocil Limited,JOCIL,16927
Jind Pol Inv & Fin Co Limited,JPOLYINVST,31507
Jaiprakash Power Ven. Limited,JPPOWER,11763
Jana Small Fin Bank Limited,JSFB,22663
Jindal Stainless Limited,JSL,11236
Jeena Sikho Lifecare Limited,JSLL,758115
Jsw Cement Limited,JSWCEMENT,758460
Jsw Energy Limited,JSWENERGY,17869
Jsw Holdings Limited,JSWHL,11880
Jsw Infrastructure Limited,JSWINFRA,19020
Jsw Steel Limited,JSWSTEEL,11723
Jtekt India Limited,JTEKTINDIA,3237
Jtl Industries Limited,JTLIND,7287
Jubilant Foodworks Limited,JUBLFOOD,18096
Jubilant Ingrevia Limited,JUBLINGREA,2783
Jubilant Pharmova Limited,JUBLPHARMA,3637
Juniper Hotels Limited,JUNIPER,22824
Justdial Ltd.,JUSTDIAL,29962
Jupiter Wagons Limited,JWL,20224
Jyothy Labs Limited,JYOTHYLAB,15146
Jyoti Cnc Automation Limited,JYOTICNC,21334
Jyoti Structures Limited,JYOTISTRUC,1802
Kabra Extrusion Technik L,KABRAEXTRU,1805
Kajaria Ceramics Limited,KAJARIACER,1808
Kakatiya Cem Sugar &Ind L,KAKATCEM,1811
Sai Silks (Kalamandir) L,KALAMANDIR,18755
Kalpataru Limited,KALPATARU,758558
Kalyani Forge Limited,KALYANIFRG,15156
Kalyan Jewellers Ind Limited,KALYANKJIL,2955
Kamat Hotels (I) Limited,KAMATHOTEL,1826
Kamdhenu Limited,KAMDHENU,13457
Kamdhenu Ventures Limited,KAMOPAINTS,13814
Kanani Industries Limited,KANANIIND,25786
Kanoria Chemicals & Indus,KANORICHEM,1835
Kanpur Plastipack Limited,KANPRPLA,1782
Kansai Nerolac Paints Limited,KANSAINER,1196
Kapston Services Limited,KAPSTON,18967
Karur Vysya Bank Limited,KARURVYSYA,1838
Kaya Limited,KAYA,10276
Kaynes Technology Ind Limited,KAYNES,12092
Kcp Limited,KCP,1841
Kcp Sugar Ind Corp Ltd.,KCPSUGIND,4809
Kddl Limited,KDDL,14908
Kec Intl. Limited,KEC,13260
Kirloskar Electric Co Limited,KECL,18220
Dsj Keep Learning Limited,KEEPLEARN,778
Kei Industries Ltd.,KEI,13310
Kellton Tech Sol Limited,KELLTONTEC,13430
Kernex Microsys(I) Limited,KERNEX,13121
Kesoram Industries Limited,KESORAMIND,1859
Keynote Fin Serv Ltd.,KEYFINSERV,4157
Kfin Technologies Limited,KFINTECH,13359
Khadim India Limited,KHADIM,425
Khaitan Chem & Fert Limited,KHAICHEM,896
Khaitan (India)Ltd.,KHAITANLTD,3912
Khandwala Securities Limited,KHANDSE,9641
Kalyani Invest Co Limited,KICL,21119
Kilitch Drugs India Limited,KILITCH,19937
Krishna Inst of Med Sci L,KIMS,4847
Kiocl Limited,KIOCL,19126
Kiri Industries Limited,KIRIINDUS,16639
Kirloskar Brothers Limited,KIRLOSBROS,18581
Kirloskar Oil Eng Limited,KIRLOSENG,20936
Kirloskar Industries Limited,KIRLOSIND,19025
Kirloskar Pneumatic Com L,KIRLPNU,15180
Kitex Garments Limited,KITEX,28899
Kewal Kiran Clothing Limited,KKCL,13381
Knowledge Marine & En W L,KMEW,27084
K M Sugar Mills Limited,KMSUGAR,14667
Knr Constru Ltd.,KNRCON,15283
Kohinoor Foods Limited,KOHINOOR,3009
Kokuyo Camlin Limited,KOKUYOCMLN,16827
Kolte Patil Dev. Ltd.,KOLTEPATIL,15124
Kopran Limited,KOPRAN,1919
Kotak Mahindra Bank Limited,KOTAKBANK,1922
Kothari Sug & Chem Ltd.,KOTARISUG,11647
Kothari Petrochem Limited,KOTHARIPET,4594
Kothari Products Limited,KOTHARIPRO,5528
K.P. Energy Limited,KPEL,27079
Kpi Green Energy Limited,KPIGREEN,5108
Kalpataru Project Int Limited,KPIL,1814
Kpit Technologies Limited,KPITTECH,9683
Kpr Mill Ltd.,KPRMILL,14912
Krbl Limited,KRBL,10577
Krebs Biochemicals & Ind,KREBSBIO,1937
Kridhan Infra Limited,KRIDHANINF,11480
Krishana Phoschem Limited,KRISHANA,12847
Krishival Foods Limited,KRISHIVAL,756782
Kriti Industries Ind Limited,KRITI,6417
Kritika Wires Limited,KRITIKA,9288
Kriti Nutrients Limited,KRITINUT,11432
Krn Heat Exchange N Ref L,KRN,25643
Kronox Lab Sciences Limited,KRONOX,24025
Kross Limited,KROSS,25252
Krsnaa Diagnostics Limited,KRSNAA,5359
Krystal Integrated Ser L,KRYSTAL,23175
Ksb Limited,KSB,1949
Kaveri Seed Co. Ltd.,KSCL,14972
Kshitij Polyline Limited,KSHITIJPOL,10407
Kalyani Steels Limited,KSL,18889
Ksolves India Limited,KSOLVES,11060
Karnataka Bank Limited,KTKBANK,8054
Kuantum Papers Limited,KUANTUM,13870
Lagnam Spintex Limited,LAGNAM,5865
Lorenzini Apparels Limited,LAL,14924
Dr. Lal Path Labs Ltd.,LALPATHLAB,11654
Lambodhara Textiles Ltd.,LAMBODHARA,6407
Landmark Cars Limited,LANDMARK,13276
La Opala Rg Limited,LAOPALA,14423
Latent View Analytics Limited,LATENTVIEW,6818
Laurus Labs Limited,LAURUSLABS,19234
Laxmi Cotspin Limited,LAXMICOT,6568
Laxmi Dental Limited,LAXMIDENTL,29171
Laxmi India Finance Limited,LAXMIINDIA,758863
Lemon Tree Hotels Limited,LEMONTREE,2606
Lenskart Solutions Limited,LENSKART,759605
Lakshmi Fin Ind Corp Limited,LFIC,7902
Lg Balakrishnan & Bros,LGBBROSLTD,18321
Lg Electronics India Limited,LGEINDIA,760213
Laxmi Goldorna House Limited,LGHL,19876
Libas Consu Products Limited,LIBAS,11082
Liberty Shoes Limited,LIBERTSHOE,1994
Lic Housing Finance Limited,LICHSGFIN,1997
Life Insura Corp of India,LICI,9480
Likhitha Infrastruc Limited,LIKHITHA,578
Linc Limited,LINC,6951
Lincoln Pharma Limited,LINCOLN,11596
Linde India Limited,LINDEINDIA,1627
Lloyds Engg Work Limited,LLOYDSENGG,17801
Lloyds Enterprises Limited,LLOYDSENT,25807
Lloyds Metals N Energy L,LLOYDSME,17313
Lmw Limited,LMW,1979
Lodha Developers Limited,LODHA,3220
Lokesh Machines Limited,LOKESHMACH,13436
Lords Chloro Alkali Limited,LORDSCHLO,18232
Sri Lotus Devlprs N Rty L,LOTUSDEV,758145
Lovable Lingerie Limited,LOVABLE,22415
Loyal Textile Mills Limited,LOYALTEX,10590
Landmark Pr.Dev.Co.Ltd,LPDC,16863
Larsen & Toubro Ltd.,LT,11483
L&T Finance Limited,LTF,24948
Lt Foods Limited,LTFOODS,13816
Ltimindtree Limited,LTIM,17818
L&T Technology Ser. Ltd.,LTTS,18564
Lumax Industries Limited,LUMAXIND,2018
Lumax Auto Tech Limited,LUMAXTECH,14014
Lupin Limited,LUPIN,10440
Lux Industries Limited,LUXIND,11301
Laxmi Organic Indus Limited,LXCHEM,2841
Lyka Labs Limited,LYKALABS,2028
Lypsa Gems & Jewel Limited,LYPSAGEMS,31468
Mahindra & Mahindra Limited,M&M,2031
M&M Fin. Services Limited,M&MFIN,13285
Maan Aluminium Limited,MAANALU,15017
Macpower Cnc Machines Limited,MACPOWER,22347
Madhav Marble & Granite,MADHAV,15151
Madhucon Projects Ltd.,MADHUCON,13671
Madras Fertilisers Limited,MADRASFERT,4911
Magadh Sugar & Energy Limited,MAGADSUGAR,21392
Magnum Ventures Ltd.,MAGNUM,14957
Bank of Maharashtra,MAHABANK,11377
Maha Rashtra Apex Copr. L,MAHAPEXLTD,5239
Mahindra Epc Irrig Limited,MAHEPC,17603
Maheshwari Logistics Ltd.,MAHESHWARI,9576
Mahindra Lifespace Devltd,MAHLIFE,8050
Mahindra Logistic Limited,MAHLOG,385
Maharashtra Scooters Limited,MAHSCOOTER,2085
Maharashtra Seamless Limited,MAHSEAMLES,2088
Maithan Alloys Limited,MAITHANALL,24538
Mallcom (India) Limited,MALLCOM,7965
Malu Paper Mills Limited,MALUPAPER,13352
Mamata Machinery Limited,MAMATA,28687
Man Coat Metal & Ind Limited,MANAKCOAT,7413
Manaksia Ltd.,MANAKSIA,15199
Manaksia Steels Limited,MANAKSTEEL,7463
Manali Petrochemicals Lt,MANALIPETC,13796
Manappuram Finance Limited,MANAPPURAM,19061
Manba Finance Limited,MANBA,25597
Mangal Credit N Fincorp L,MANCREDIT,24823
Mangalam Drug & Chem Limited,MANGALAM,11817
Mangalam Cement Limited,MANGLMCEM,2106
Man Industries (I) Ltd.,MANINDS,11884
Man Infra Limited,MANINFRA,18226
Mankind Pharma Limited,MANKIND,15380
Manomay Tex India Limited,MANOMAY,13753
Manorama Industries Limited,MANORAMA,10227
Mangalam Organics Limited,MANORG,6422
Vedant Fashions Limited,MANYAVAR,8167
C.E. Info Systems Limited,MAPMYINDIA,7227
Maral Overseas Limited,MARALOVER,2112
Marathon Nxtgen Realt Limited,MARATHON,18659
Marico Limited,MARICO,4067
Marine Electrical (I) Limited,MARINE,1328
Markolines Pavement Tec L,MARKOLINES,760204
Marksans Pharma Limited,MARKSANS,10579
Maruti Suzuki India Ltd.,MARUTI,10999
Mas Financial Serv Limited,MASFIN,199
Mastek Limited,MASTEK,2124
Master Trust Limited,MASTERTR,27047
Matrimony.Com Limited,MATRIMONY,21726
Mawana Sugars Limited,MAWANASUG,17022
Max Estates Limited,MAXESTATES,19646
Max Healthcare Ins Limited,MAXHEALTH,22377
Max India Limited,MAXIND,22428
Mayur Uniquoters Limited,MAYURUNIQ,28906
Mazda Limited,MAZDA,18866
Mazagon Dock Shipbuil Limited,MAZDOCK,509
Madhya Bharat Agro P. Limited,MBAPL,12686
M & B Engineering Limited,MBEL,758150
Mbl Infrastructure Limited,MBLINFRA,18029
Magellanic Cloud Limited,MCLOUD,29482
Multi Commodity Exchange,MCX,31181
Global Health Limited,MEDANTA,11956
Medi Assist Health Ser L,MEDIASSIST,21705
Medicamen Biotech Limited,MEDICAMEQ,6278
Medplus Health Serv Limited,MEDPLUS,7254
Mangal Electrical Ind L,MEIL,758748
Menon Bearings Limited,MENONBE,6961
Metro Brands Limited,METROBRAND,7242
Metropolis Healthcare Limited,METROPOLIS,9581
Mahalaxmi Fabric Mills Lt,MFML,24937
Max Financial Serv Limited,MFSL,2142
Mangalam Global Ent Limited,MGEL,1593
Mahanagar Gas Ltd.,MGL,17534
Mahalaxmi Rubtech Limited,MHLXMIRU,7886
Mahindra Holidays Limited,MHRIL,17333
Mic Electronics Limited,MICEL,7169
Mishra Dhatu Nigam Limited,MIDHANI,2463
Midwest Limited,MIDWESTLTD,759517
Minda Corporation Limited,MINDACORP,25897
Mindteck (India) Limited,MINDTECK,18049
Mirza International Limit,MIRZAINT,4394
Mitcon Con & Eng Ser Limited,MITCON,8469
Mittal Life Style Limited,MITTAL,18562
M K Proteins Limited,MKPL,16736
Mm Forgings Limited,MMFL,13844
Mmp Industries Limited,MMP,16395
Mmtc Limited,MMTC,17957
One Mobikwik Systems Limited,MOBIKWIK,28046
Modi Rubber Limited,MODIRUBBER,2229
Modis Navnirman Limited,MODIS,759752
Modison Limited,MODISONLTD,3316
Modern Threads India Limited,MODTHREAD,2241
Moil Limited,MOIL,20830
Moksh Ornaments Limited,MOKSH,3586
Meghmani Organics Limited,MOL,5394
Mold-Tek Technologies Limited,MOLDTECH,17625
Mold-Tek Packaging Limited,MOLDTKPAC,6713
Monarch Networth Cap Limited,MONARCH,7679
Moneyboxx Finance Limited,MONEYBOXX,759381
Monte Carlo Fashions Ltd.,MONTECARLO,5938
Morepen Lab. Limited,MOREPENLAB,2259
Moschip Technologies Limited,MOSCHIP,29459
Samvrdhna Mthrsn Intl Limited,MOTHERSON,4204
Motilal Oswal Fin Limited,MOTILALOFS,14947
Motisons Jewellers Limited,MOTISONS,20788
Motor & General Finance L,MOTOGENFIN,2268
Mphasis Limited,MPHASIS,4503
Mps Limited,MPSLTD,10578
Mrf Limited,MRF,2277
Mrpl,MRPL,2283
Msp Steel & Power Ltd.,MSPL,11919
Mstc Limited,MSTCLTD,9356
Motherson Sumi Wrng Ind L,MSUMI,8596
Mtar Technologies Limited,MTARTECH,2709
Mahanagar Telephone Nigam,MTNL,2294
Mufin Green Finance Limited,MUFIN,19783
Credo Brands Marketing L,MUFTI,20878
Mukand Ltd.,MUKANDLTD,11325
Mukka Proteins Limited,MUKKA,22980
Mukta Arts Limited,MUKTAARTS,8687
Munjal Auto Ind. Ltd.,MUNJALAU,13511
Munjal Showa Limited,MUNJALSHOW,2307
Murudeshwar Ceramics Limited,MURUDCERA,2313
Muthoot Cap Serv Limited,MUTHOOTCAP,10415
Muthoot Finance Limited,MUTHOOTFIN,23650
Muthoot Microfin Limited,MUTHOOTMF,20831
Manoj Vaibhav Gem N Jew L,MVGJL,19015
Mangalam Worldwide Limited,MWL,759169
Nacl Industries Limited,NACLIND,20425
Nagarjun Fert & Che Limited,NAGAFERT,17295
Nagreeka Exports Ltd.,NAGREEKEXP,14702
Nahar Cap & Fin.,NAHARCAP,15360
Nahar Inds Ent Limited,NAHARINDUS,13106
Nahar Poly Films Limited,NAHARPOLY,14445
Nahar Spinning Mills Ltd.,NAHARSPING,14440
Nippon L I A M Limited,NAM-INDIA,357
Natco Pharma Ltd.,NATCOPHARM,3918
Nath Bio-Genes (I) Limited,NATHBIOGEN,11065
National Aluminium Co Limited,NATIONALUM,6364
Info Edge (I) Limited,NAUKRI,13751
Nava Limited,NAVA,4014
Navin Fluorine Int. Limited,NAVINFLUOR,14672
Navkar Corporation Ltd.,NAVKARCORP,10557
Navkar Urbanstructure Limited,NAVKARURB,29146
Navneet Education Limited,NAVNETEDUL,2385
Nazara Technologies Limited,NAZARA,2987
Nbcc (India) Limited,NBCC,31415
N.B.I. Ind. Fin. Co. Limited,NBIFIN,19111
Ncc Limited,NCC,2319
Ncl Industries Limited,NCLIND,14490
Naga Dhunseri Group Limited,NDGL,18371
Nandan Denim Limited,NDL,31258
Ndr Auto Components Limited,NDRAUTO,22255
Ndtv Limited,NDTV,11427
North East Carry Corp Limited,NECCLTD,13522
Nectar Lifesciences Ltd.,NECLIFE,11927
Nelcast Limited,NELCAST,14761
Nelco Limited,NELCO,2388
Neogen Chemicals Limited,NEOGEN,9917
Nesco Ltd.,NESCO,15409
Nestle India Limited,NESTLEIND,17963
Netweb Tech India Limited,NETWEB,17433
Network18 Media & Inv Limited,NETWORK18,14111
Neuland Lab Ltd.,NEULANDLAB,2406
Newgen Software Tech Limited,NEWGEN,1164
Next Mediaworks Limited,NEXTMEDIA,9867
National Fert. Limited,NFL,13925
Nakoda Group of Ind. Limited,NGIL,5401
Ngl Fine Chem Limited,NGLFINE,10277
Narayana Hrudayalaya Ltd.,NH,11840
Nhpc Limited,NHPC,17400
The New India Assu Co Limited,NIACL,399
Nibe Limited,NIBE,29487
Nrb Indus. Bearings Ltd.,NIBL,29733
Niit Limited,NIITLTD,11522
Niit Learning Systems Limited,NIITMTS,17747
Nila Infrastructures Limited,NILAINFRA,9253
Nilkamal Limited,NILKAMAL,2421
Nintec Systems Limited,NINSYS,14194
Indo-National Limited,NIPPOBATRY,6782
Niraj Cement Struc Limited,NIRAJ,255
Niraj Ispat Ind Limited,NIRAJISPAT,18840
Nitco Limited,NITCO,13300
Nitin Spinners Limited,NITINSPIN,13175
Nitiraj Engineers Limited,NITIRAJ,3247
Niva Bupa Health Ins Co L,NIVABUPA,27097
Nk Industries Limited,NKIND,2439
Nlc India Limited,NLCINDIA,8585
Nmdc Ltd.,NMDC,15332
Nocil Limited,NOCIL,2442
Noida Toll Bridge Co Limited,NOIDATOLL,10786
Northern Arc Capital Limited,NORTHARC,25426
Nova Agritech Limited,NOVAAGRI,22477
Network People Srv Tech L,NPST,756324
N R Agarwal Inds Limited,NRAIL,20314
Nrb Bearing Limited,NRBBEARING,7553
Nupur Recyclers Limited,NRL,13675
Nalwa Sons Investment Limited,NSIL,11239
Nmdc Steel Limited,NSLNISP,14180
Ntpc Limited,NTPC,11630
Ntpc Green Energy Limited,NTPCGREEN,27176
Nucleus Software Exports,NUCLEUS,10791
Nuvama Wealth Manage Limited,NUVAMA,18721
Nuvoco Vistas Corp Limited,NUVOCO,5426
Fsn E Commerce Ventures,NYKAA,6545
Oriental Aromatics Limited,OAL,10768
Orissa Bengal Carrier Limited,OBCL,8797
Oberoi Realty Limited,OBEROIRLTY,20242
Occl Limited,OCCLLTD,25918
Oracle Fin Serv Soft Ltd.,OFSS,10738
Oil India Limited,OIL,17438
Oil Country Tubular Limited,OILCOUNTUB,2472
Olectra Greentech Limited,OLECTRA,10637
Omax Autos Limited,OMAXAUTO,10922
Omaxe Limited,OMAXE,14853
Om Freight Forwarders Limited,OMFREIGHT,759411
Om Infra Limited,OMINFRAL,24231
One Point One Sol Limited,ONEPOINT,9939
Onesource Specl Pharma L,ONESOURCE,29224
Oil & Natural Gas Corp.,ONGC,2475
Onmobile Global Ltd.,ONMOBILE,15278
Onward Technologies Limited,ONWARDTEC,2481
Optiemus Infracom Limited,OPTIEMUS,21469
Orbit Exports Limited,ORBTEXP,31475
Orchid Pharma Limited,ORCHPHARMA,926
Oriental Trimex Limited,ORIENTALTL,14346
Orient Bell Limited,ORIENTBELL,14278
Orient Cement Ltd.,ORIENTCEM,30089
Orient Ceratech Limited,ORIENTCER,13111
Orient Electric Limited,ORIENTELEC,2972
Orient Hotels Limited,ORIENTHOT,2493
Orient Press Limited,ORIENTLTD,18208
Orient Paper & Inds Limited,ORIENTPPR,2496
Orient Technologies Limited,ORIENTTECH,24961
Orissa Min Dev Co Limited,ORISSAMINE,19931
Orkla India Limited,ORKLAINDIA,759569
Ortin Global Limited,ORTINGLOBE,2979
Oswal Agro Mills Limited,OSWALAGRO,2514
Oswal Greentech Limited,OSWALGREEN,471
Oswal Pumps Limited,OSWALPUMPS,756802
Shreeoswal S & Che Limited,OSWALSEEDS,14305
Pace Digitek Limited,PACEDIGITK,759342
Page Industries Limited,PAGEIND,14413
Paisalo Digital Limited,PAISALO,25468
Pakka Limited,PAKKA,17197
Palash Securities Limited,PALASHSECU,21383
Panacea Biotec Limited,PANACEABIO,4055
Panama Petrochem Limited,PANAMAPET,25392
Pansari Developers Limited,PANSARI,6141
Par Drugs & Chem Limited,PAR,5631
Paramount Comm Limited,PARACABLES,13951
Paradeep Phosphates Limited,PARADEEP,9741
Parag Milk Foods Ltd.,PARAGMILK,17130
Paras Def & Spce Tech L,PARAS,5911
Paras Petrofils Ltd.,PARASPETRO,3972
Parkhotels,PARKHOTELS,22649
Parsvnath Developer Limited,PARSVNATH,13791
Pashupati Cotspin Limited,PASHUPATI,757955
Pasupati Acrylon Limited,PASUPTAC,6045
Patanjali Foods Limited,PATANJALI,17029
Patel Engineering Ltd.,PATELENG,11699
Patel Retail Limited,PATELRMART,759439
Patel Int. Log. Limited,PATINTLOG,15219
Paushak Limited,PAUSHAKLTD,759969
Pavna Industries Limited,PAVNAIND,16192
One 97 Communications Limited,PAYTM,6705
Pcbl Chemical Limited,PCBL,2649
Pc Jeweller Limited,PCJEWELLER,29124
Pudumjee Paper Pro. Limited,PDMJEPAPER,15377
Pds Limited,PDSL,5264
Pearl Polymers Limited,PEARLPOLY,2610
Pennar Industries Limited,PENIND,20621
Peninsula Land Limited,PENINLAND,2256
Persistent Systems Limited,PERSISTENT,18365
Petronet Lng Limited,PETRONET,11351
Power Fin Corp Ltd.,PFC,14299
Pfizer Limited,PFIZER,2643
Prime Focus Limited,PFOCUS,13496
Ptc India Fin Serv Limited,PFS,22602
Pg Electroplast Limited,PGEL,25358
P&G Hygiene & Health Care,PGHH,2535
Procter & Gamble Health L,PGHL,940
Pearl Global Ind Limited,PGIL,14260
The Phoenix Mills Limited,PHOENIXLTD,14552
Piccadily Agro Industri L,PICCADIL,757754
Pidilite Industries Limited,PIDILITIND,2664
Pi Industries Limited,PIIND,24184
Pilani Inv & Ind Cor Limited,PILANIINVS,11445
Pil Italica Lifestyle Limited,PILITA,30835
Pine Labs Limited,PINELABS,759820
Pioneer Embroideries Limited,PIONEEREMB,13463
Piramal Finance Limited,PIRAMALFIN,759551
Pitti Engineering Limited,PITTIENG,14134
Pix Transmissions Limited,PIXTRANS,9087
Plastiblends India Limited,PLASTIBLEN,13920
Platinum Industries Limited,PLATIND,22930
Plaza Wires Limited,PLAZACABLE,19458
Punjab National Bank,PNB,10666
Pnb Gilts Limited,PNBGILTS,8736
Pnb Housing Fin Ltd.,PNBHOUSING,18908
Pnc Infratech Ltd.,PNCINFRA,9385
P N Gadgil Jewellers Limited,PNGJL,25312
Pondy Oxides & Chem Limited,POCL,14385
Poddar Pigments Limited,PODDARMENT,19036
Pokarna Limited,POKARNA,17651
Pb Fintech Limited,POLICYBZR,6656
Polycab India Limited,POLYCAB,9590
Poly Medicure Limited,POLYMED,25718
Polyplex Corporation Limited,POLYPLEX,2687
Ponnie Sugars (Erode) Limited,PONNIERODE,10661
Poonawalla Fincorp Limited,POONAWALLA,11403
Power Grid Corp. Ltd.,POWERGRID,14977
Hitachi Energy India Limited,POWERINDIA,18457
Power Mech Projects Ltd.,POWERMECH,10473
Ppap Automotive Limited,PPAP,15209
Prakash Pipes Limited,PPL,10297
Piramal Pharma Limited,PPLPHARMA,11571
Prabha Energy Limited,PRABHA,30134
Praj Industries Limited,PRAJIND,2705
Prakash Industries Limited,PRAKASH,2708
Prakash Steelage Limited,PRAKASHSTL,19599
Precision Camshafts Ltd.,PRECAM,12603
Precot Limited,PRECOT,2711
Precision Wires India Limited,PRECWIRE,2717
Premier Explosives Limited,PREMEXPLN,17397
Premier Energies Limited,PREMIERENE,25049
Premier Polyfilm Limited,PREMIERPOL,3908
Prestige Estate Limited,PRESTIGE,20302
Pricol Limited,PRICOLLTD,19631
Prime Securities Limited,PRIMESECU,11864
Primo Chemicals Limited,PRIMO,756925
Prince Pipes Fittings Limited,PRINCEPIPE,16045
Priti International Limited,PRITI,8304
Pritika Auto Indus Limited,PRITIKAUTO,5292
Privi Speciality Che Limited,PRIVISCL,8825
Prostarm Info Systems Limited,PROSTARM,758173
Protean Egov Techno Limited,PROTEAN,29472
Prism Johnson Limited,PRSMJOHNSN,2739
Prudent Corp Adv Ser Limited,PRUDENT,9553
Prudential Sugar Corporat,PRUDMOULI,20527
Punjab & Sind Bank,PSB,21001
Psp Projects Limited,PSPPROJECT,20877
Ptc India Limited,PTC,11355
Ptc Industries Limited,PTCIL,16682
Ptl Enterprises Limited,PTL,14101
Punjab Chem & Crop Prot L,PUNJABCHEM,4344
Puravankara Limited,PURVA,14922
Pvr Inox Limited,PVRINOX,13147
Popular Vehicles N Ser L,PVSL,23142
Physicswallah Limited,PWL,759723
Pyramid Technoplast Limited,PYRAMID,18250
Quality Power Elec Equp L,QPOWER,29711
Quadrant Future Tek Limited,QUADFUTURE,29087
Quess Corp Limited,QUESS,17704
Quick Heal Tech Limited,QUICKHEAL,13116
Race Eco Chain Limited,RACE,15391
Racl Geartech Limited,RACLGEAR,27171
Radaan Mediaworks (I) Limited,RADAAN,10932
Radhika Jeweltech Limited,RADHIKAJWE,10343
Radiant Cash Mgmt Ser Limited,RADIANTCMS,13580
Radico Khaitan Limited,RADICO,10990
Music Broadcast Limited,RADIOCITY,19877
Railtel Corp of Ind Limited,RAILTEL,2431
Rain Industries Limited,RAIN,15337
Rainbow Childrens Med Limited,RAINBOW,9408
Rajesh Exports Limited,RAJESHEXPO,7401
Rajnandini Metal Limited,RAJMET,2168
Rajoo Engineers Limited,RAJOOENG,757049
Rajratan Global Wire Limited,RAJRATAN,18962
Rajshree Sugar & Chemical,RAJSREESUG,2809
Raj Tv Network Limited,RAJTV,14403
Rallis India Limited,RALLIS,2816
Shree Rama Newsprint Limited,RAMANEWS,13565
Rama Phosphates Limited,RAMAPHO,10568
Rama Steel Tubes Limited,RAMASTEEL,10300
The Ramco Cements Limited,RAMCOCEM,2043
Ramco Industries Limited,RAMCOIND,4587
Ramco Systems Ltd.,RAMCOSYS,7851
Ramky Infra Limited,RAMKY,20134
Ram Ratna Wires Limited,RAMRAT,10485
Rana Sugars Ltd.,RANASUG,2837
Rane Holdings Limited,RANEHOLDIN,2844
Rategain Travel Techn Limited,RATEGAIN,7177
Ratnamani Met & Tub Ltd.,RATNAMANI,13451
Ratnaveer Precision Eng L,RATNAVEER,18423
Raymond Limited,RAYMOND,2859
Raymond Lifestyle Limited,RAYMONDLSL,25073
Raymond Realty Limited,RAYMONDREL,758551
Restaurant Brand Asia Limited,RBA,1494
Rbl Bank Limited,RBLBANK,18391
Rbz Jewellers Limited,RBZJEWEL,20874
Rashtriya Chemicals & Fer,RCF,2866
Rec Limited,RECLTD,15355
Redington Limited,REDINGTON,14255
Redtape Limited,REDTAPE,17859
Refex Industries Limited,REFEX,17764
Regaal Resources Limited,REGAAL,758680
Regency Ceramics Ltd.,REGENCERAM,4130
Relaxo Foot Ltd.,RELAXO,24225
Reliance Chemotex Ind Limited,RELCHEMQ,9652
Reliance Industries Limited,RELIANCE,2885
Religare Enter. Ltd.,RELIGARE,15068
Ravindra Energy Limited,RELTD,24596
Remsons Industries Limited,REMSONSIND,3965
Shree Renuka Sugars Limited,RENUKA,12026
Repco Home Finance Limited,REPCOHOME,29598
Rudrabhishek Enterp Limited,REPL,1480
Repro India Limited,REPRO,13126
Responsive Industries Limited,RESPONIND,20323
Jhs Svendgaard Retail V L,RETAIL,24145
Renaissance Global Limited,RGL,15129
Rhetan Tmt Limited,RHETAN,759062
Rhi Magnesita India Limited,RHIM,31163
Robust Hotels Limited,RHL,15157
Rico Auto Industries Limited,RICOAUTO,2909
Reliance Industrial Infra,RIIL,2912
Ritco Logistics Limited,RITCO,8944
Rites Limited,RITES,3761
Ravi Kumar Dist. Ltd.,RKDL,20950
Rkec Projects Limited,RKEC,1547
Ramkrishna Forgings Limited,RKFORGE,11411
R K Swamy Limited,RKSWAMY,23043
R M Drip & Sprink Sys Limited,RMDRIP,757834
Rane (Madras) Limited,RML,11975
R&B Denims Limited,RNBDENIMS,758981
Royal Orchid Hotels Limited,ROHLTD,13182
Rolex Rings Limited,ROLEXRINGS,5279
Rollatainers Limited,ROLLT,19104
Raj Oil Mills Limited,ROML,359
Rossari Biotech Limited,ROSSARI,19410
Rossell India Limited,ROSSELLIND,28913
Rossell Techsys Limited,ROSSTECH,27353
Roto Pumps Limited,ROTO,9049
Route Mobile Limited,ROUTE,128
Raghav Productivity Enh L,RPEL,24735
Rpg Life Sciences Limited,RPGLIFE,16725
Reliance Power Ltd.,RPOWER,15259
R.P.P Infra Projects Limited,RPPINFRA,20760
Rajshree Polypack Limited,RPPL,6913
Rpsg Ventures Limited,RPSGVENT,8119
Rashi Peripherals Limited,RPTECH,22670
R R Kabel Limited,RRKABEL,18566
R. S. Software (India) Li,RSSOFTWARE,6429
Rswm Limited,RSWM,2794
R Sys International Limited,RSYSTEMS,13414
Rattanindia Ent Limited,RTNINDIA,27297
Rattanindia Power Limited,RTNPOWER,17520
Rubfila International Limited,RUBFILA,24730
Rubicon Research Limited,RUBICON,759316
The Ruby Mills Limited,RUBYMILLS,2939
Ruchi Infrastructure Limited,RUCHINFRA,4566
Ruchira Papers Limited,RUCHIRA,13821
Rupa & Company Limited,RUPA,25724
Rushil Decor Limited,RUSHIL,24595
Keystone Realtors Limited,RUSTOMJEE,12219
Rail Vikas Nigam Limited,RVNL,9552
Revathi Equipment India L,RVTH,25157
S&S Power Switchgears Limited,S&SPOWER,2951
Saatvik Green Energy Limited,SAATVIKGL,759057
Sri Adhikari Bro Tele N L,SABTNL,23365
Sadbhav Engineering Limited,SADBHAV,13236
Sadbhav Infra Proj Ltd.,SADBHIN,10618
Safari Ind (India) Limited,SAFARI,13035
Sagardeep Alloys Limited,SAGARDEEP,8175
Sagar Cements Limited,SAGCEM,14068
Sagility Limited,SAGILITY,27052
Sahyadri Industries Limited,SAHYADRI,14900
Steel Authority of India,SAIL,2963
Sai Life Sciences Limited,SAILIFE,27839
Sakar Healthcare Limited,SAKAR,9539
Sakthi Sugars Limited,SAKHTISUG,2969
Saksoft Limited,SAKSOFT,11794
Sakuma Exports Limited,SAKUMA,13251
Salasar Techno Engg. Ltd.,SALASAR,21362
Salona Cotspin Ltd.,SALONA,17351
Salzer Electronics Limited,SALZERELEC,11399
Sambhv Steel Tubes Limited,SAMBHV,757767
Samhi Hotels Limited,SAMHI,18614
Sammaan Capital Limited,SAMMAANCAP,30125
Sampann Utpadan India Limited,SAMPANN,27303
Sanathan Textiles Limited,SANATHAN,28805
Sandesh Limited,SANDESH,2988
Sandhar Technologies Limited,SANDHAR,2397
Sandur Mang & Iron Ores L,SANDUMA,18359
Sangam (India) Limited,SANGAMIND,4184
Sanghi Industries Limited,SANGHIIND,2997
Sanghvi Movers Limited,SANGHVIMOV,14058
Sanginita Chemicals Limited,SANGINITA,11032
Sanofi India Limited,SANOFI,1442
Sanofi Cons Healthc Ind L,SANOFICONR,25222
Sansera Engineering Limited,SANSERA,5751
Sanstar Limited,SANSTAR,24582
Sapphire Foods India Limited,SAPPHIRE,6718
Sarda Energy & Min Limited,SARDAEN,17758
Saregama India Limited,SAREGAMA,4892
Sarla Perf. Fibers Limited,SARLAPOLY,14043
Sarveshwar Foods Limited,SARVESHWAR,12913
Sasken Technologies Limited,SASKEN,11983
Sastasundar Ventures Limited,SASTASUNDR,20063
Satia Industries Limited,SATIA,11045
Satin Credit Net Limited,SATIN,10453
Saurashtra Cement Limited,SAURASHCEM,3018
Sbc Exports Limited,SBC,6792
Shivalik Bimetal Con. Limited,SBCL,4656
Sbfc Finance Limited,SBFC,18026
Suratwwala Bus Group Limited,SBGLP,14139
Sbi Cards & Pay Ser Limited,SBICARD,17971
Sbi Life Insurance Co Limited,SBILIFE,21808
State Bank of India,SBIN,3045
Schaeffler India Limited,SCHAEFFLER,1011
S Chand & Company Limited,SCHAND,20698
Schneider Electric Infra,SCHNEIDER,31234
Shipping Corp of India Lt,SCI,3048
Shipping Corp of Ila Limited,SCILAL,23127
Scoda Tubes Limited,SCODATUBES,757478
Sheetal Cool Products Limited,SCPL,12072
Som Dist & Brew Limited,SDBL,1338
Seamec Limited,SEAMECLTD,2616
Secmark Consultancy Limited,SECMARK,19496
Semac Construction Limited,SEMAC,11961
Senco Gold Limited,SENCO,17271
Senores Pharmaceuticals L,SENORES,28888
Sepc Limited,SEPC,15308
Sequent Scientific Ltd.,SEQUENT,14296
Servotech Ren Pow Sys Limited,SERVOTECH,5507
Seshasayee Paper & Boards,SESHAPAPER,3066
Setco Automotive Limited,SETCO,17514
Sheela Foam Limited,SFL,19184
Sg Finserve Limited,SGFIN,758853
Synergy Green Ind. Limited,SGIL,5114
Stl Global Limited,SGL,13367
Standard Glass Lin Tech L,SGLTL,29075
Sg Mart Limited,SGMART,758889
Shah Metacorp Limited,SHAH,20296
Shah Alloys Limited,SHAHALLOYS,11856
Shaily Eng Plastics Limited,SHAILY,8727
Shakti Pumps (I) Limited,SHAKTIPUMP,25574
Shalby Limited,SHALBY,714
Shalim Paints Limited,SHALPAINTS,15342
Shankara Bldg Product Limited,SHANKARA,20321
Shanti Overseas India Limited,SHANTI,5650
Shanthi Gears Limited,SHANTIGEAR,3078
Shanti Gold Internation L,SHANTIGOLD,758002
Sharda Cropchem Ltd.,SHARDACROP,4992
Sharda Motor Inds Limited,SHARDAMOTR,10530
Share Ind. Securities Limited,SHAREINDIA,104
Shekhawati Industries Limited,SHEKHAWATI,21095
Shemaroo Enter. Ltd.,SHEMAROO,5068
Shilchar Technologies Limited,SHILCTECH,759847
Shilpa Medicare Limited,SHILPAMED,17752
Shivalik Rasayan Limited,SHIVALIK,7016
Shivam Auto.Ltd,SHIVAMAUTO,13756
Shiva Mills Limited,SHIVAMILLS,1497
Shiva Texyarn Limited,SHIVATEX,804
Shiv Aum Steels Limited,SHIVAUM,759747
S H Kelkar & Co. Ltd.,SHK,11212
Shoppers Stop Limited,SHOPERSTOP,11813
Shradha Infraprojects Limited,SHRADHA,708
Shree Digvijay Cem Co Limited,SHREDIGCEM,3099
Shree Cement Limited,SHREECEM,3103
Shreeji Shipping Global L,SHREEJISPG,759448
Shre Push Chem & Fert Limited,SHREEPUSHK,10588
Shrenik Limited,SHRENIK,11149
Shreyans Industries Limited,SHREYANIND,3126
Shringar Hou of Mangals L,SHRINGARMS,759093
Shriram Pist. & Ring Limited,SHRIPISTON,17186
Shriram Finance Limited,SHRIRAMFIN,4306
Shriram Properties Limited,SHRIRAMPPS,7200
Shyam Century Ferrous Limited,SHYAMCENT,10188
Shyam Metalics & Engy L,SHYAMMETL,4693
Shyam Telecom Limited,SHYAMTEL,13740
Siemens Limited,SIEMENS,3150
Sigachi Industries Limited,SIGACHI,6663
Signet Industries Limited,SIGIND,4522
Signatureglobal India Limited,SIGNATURE,18743
Signpost India Limited,SIGNPOST,22656
Standard Industries Ltd.,SIL,11297
Sil Investments Limited,SILINV,4105
Silver Touch Techno Limited,SILVERTUC,9422
Simplex Infrastructures L,SIMPLEXINF,3162
Sinclairs Hotels Limited,SINCLAIR,23480
Sindhu Trade Links Limited,SINDHUTRAD,16859
Sintercom India Limited,SINTERCOM,381
Sirca Paint India Limited,SIRCA,11050
Sis Limited,SIS,21501
Siyaram Silk Mills Limited,SIYSIL,14096
Sjs Enterprises Limited,SJS,6643
Sjvn Limited,SJVN,18883
Skf India Limited,SKFINDIA,3186
Skipper Limited,SKIPPER,9428
Skm Egg Prod Export(I) Lt,SKMEGGPROD,4732
Sky Gold & Diamonds Limited,SKYGOLD,13631
Smartlink Holdings Limited,SMARTLINK,9889
Smartworks Coworking Sp L,SMARTWORKS,757965
Smc Global Securities Limited,SMCGLOBAL,2320
Sml Mahindra Limited,SMLMAH,3387
Sarthak Metals Limited,SMLT,6843
Sms Pharmaceuticals Ltd.,SMSPHARMA,14329
Snowman Logistics Ltd.,SNOWMAN,4843
Sobha Limited,SOBHA,13826
Softtech Engineers Limited,SOFTTECH,8266
Solara Active Pha Sci Limited,SOLARA,3672
Solar Industries (I) Limited,SOLARINDS,13332
Solarworld Energy Sol Limited,SOLARWORLD,759929
Solex Energy Limited,SOLEX,759397
Somany Ceramics Limited,SOMANYCERA,3880
Somi Conveyor Belt. Ltd.,SOMICONVEY,17794
Sona Blw Precision Frgs L,SONACOMS,4684
Sonam Limited,SONAMLTD,8806
Sonata Software Limited,SONATSOFTW,6596
Savita Oil Technolo. Limited,SOTL,3021
The South Indian Bank Limited,SOUTHBANK,5948
South West Pinnacle Limited,SOUTHWEST,9678
S. P. Apparels Limited,SPAL,18252
Spandana Sphoorty Fin Limited,SPANDANA,11435
Sun Pharma Adv.Res.Co.Ltd,SPARC,14788
Speciality Rest Limited,SPECIALITY,27107
Spectrum Electric Ind Limited,SPECTRUM,30455
Spencer S Retail Limited,SPENCERS,8163
Spic Limited,SPIC,3252
Spl Industries Limited,SPLIL,11935
Supreme Petrochem Limited,SPLPETRO,9617
Spml Infra Limited,SPMLINFRA,3321
Sportking India Limited,SPORTKING,10733
Sreeleathers Limited,SREEL,31837
Srf Limited,SRF,3273
Srg Housing Finance L,SRGHFL,18119
Sree Rayalseema Hhp Ltd.,SRHHYPOLTD,14582
Srm Contractors Limited,SRM,23402
Saraswati Saree Depot Limited,SSDL,24856
Steel Strips Wheels Ltd.,SSWL,11829
Stanley Lifestyles Limited,STANLEY,24226
Strides Pharma Sci Limited,STAR,7374
Star Cement Limited,STARCEMENT,21091
Star Health & Al Ins Co L,STARHEALTH,7083
Star Paper Mills Limited,STARPAPER,3291
Starteck Finance Limited,STARTECK,9305
The State Trading Corpn,STCINDIA,10948
Steelcast Limited,STEELCAS,6803
Steel City Securities Limited,STEELCITY,10406
Steel Exchange India Limited,STEELXIND,21339
Stel Holdings Limited,STEL,21484
Sterling Tools Limited,STERTOOLS,4299
Stl Networks Limited,STLNETWORK,758958
Sterlite Technologies Limited,STLTECH,9309
Stove Kraft Limited,STOVEKRAFT,2107
Studds Accessories Limited,STUDDS,759587
Seshaasai Technologies L,STYL,759934
Stylam Industries Limited,STYLAMIND,5186
Baazar Style Retail Limited,STYLEBAAZA,25114
Styrenix Performance Limited,STYRENIX,19
Subex Limited,SUBEXLTD,967
Subros Limited,SUBROS,3324
Sudarshan Chemical Inds L,SUDARSCHEM,3327
Sudeep Pharma Limited,SUDEEPPHRM,760039
Sukhjit Starch & Chem Limited,SUKHJITS,11804
Sula Vineyards Limited,SULA,13218
Sumitomo Chem India Limited,SUMICHEM,17105
Sumit Woods Limited,SUMIT,11140
Summit Securities Limited,SUMMITSEC,21275
Sundaram Clayton Limited,SUNCLAY,20956
Sundaram Multi Pap Limited,SUNDARAM,18931
Sundaram Finance Limited,SUNDARMFIN,3339
Sundaram Brak Linings Limited,SUNDRMBRAK,4179
Sundram Fasteners Limited,SUNDRMFAST,3345
Sundrop Brands Limited,SUNDROP,1663
Sunflag Iron & Steel Co,SUNFLAG,3348
Sun Pharmaceutical Ind L,SUNPHARMA,3351
Sunteck Realty Limited,SUNTECK,17641
Sun Tv Network Limited,SUNTV,13404
Superhouse Limited,SUPERHOUSE,20616
Super Spinning Mills Limited,SUPERSPIN,3357
Suprajit Engineering Limited,SUPRAJIT,11689
Supreme Holdin N Hosp I L,SUPREME,29439
Supreme Industries Limited,SUPREMEIND,3363
Supriya Lifescience Limited,SUPRIYA,7390
Suraj Estate Developers L,SURAJEST,20822
Suraj Limited,SURAJLTD,24966
Suraksha Diagnostic Limited,SURAKSHA,27334
Surana Solar Limited,SURANASOL,21077
Surana Telecom & Pow Lt,SURANAT&P,10700
Suryalakshmi Cot Mil Limited,SURYALAXMI,11852
Surya Roshni Limited,SURYAROSNI,3375
Suryoday Small Fin Bk Limited,SURYODAY,2970
Sutlej Text & Indus Limited,SUTLEJTEX,13801
Suven Life Sciences Limited,SUVEN,11233
Suvidhaa Infoserve Limited,SUVIDHAA,2998
Suyog Telematics Limited,SUYOG,24851
Suzlon Energy Limited,SUZLON,12018
Shree Vasu Logistics Limited,SVLL,15121
Swan Corp Limited,SWANCORP,27095
Swaraj Engines Limited,SWARAJENG,3384
Swelect Energy Sys Limited,SWELECTES,11909
Swiggy Limited,SWIGGY,27066
Strlng & Wil Ren Ene Limited,SWSOLAR,12489
Symphony Limited,SYMPHONY,24190
Syncom Formu (I) Limited,SYNCOMF,11992
Syngene International Limited,SYNGENE,10243
Syrma Sgs Technology Limited,SYRMA,10793
Systematix Corp Service L,SYSTMTXC,759355
Tainwala Chemical & Pla,TAINWALCHM,3396
Taj Gvk Hotels & Resorts,TAJGVK,9354
Talbros Auto. Comp. Limited,TALBROAUTO,13648
Tanla Platforms Limited,TANLA,13976
Tara Chand Infra Soln Limited,TARACHAND,23512
Tarc Limited,TARC,1581
Trans & Recti. Limited,TARIL,15174
Tarmat Limited,TARMAT,14771
Tarsons Products Limited,TARSONS,6943
Tasty Bite Eatables Limited,TASTYBITE,20092
Tata Capital Limited,TATACAP,759265
Tata Chemicals Limited,TATACHEM,3405
Tata Communications Limited,TATACOMM,3721
Tata Consumer Product Limited,TATACONSUM,3432
Tata Elxsi Limited,TATAELXSI,3411
Tata Investment Corp Limited,TATAINVEST,1621
Tata Power Co Limited,TATAPOWER,3426
Tata Steel Limited,TATASTEEL,3499
Tata Technologies Limited,TATATECH,20293
Tatva Chin Pharm Chem Limited,TATVA,5162
Tbo Tek Limited,TBOTEK,23740
Trib Bhimji Zaveri Limited,TBZ,27037
Transport Corpn of India,TCI,10580
Tci Express Limited,TCIEXP,19223
Tci Finance Limited,TCIFINANCE,4771
Tcpl Packaging Limited,TCPLPACK,184
Tata Consultancy Serv Lt,TCS,11536
Td Power Systems Ltd.,TDPOWERSYS,25178
Team India Guaranty Limited,TEAMGTY,10717
Teamlease Services Ltd.,TEAMLEASE,12716
Tech Mahindra Limited,TECHM,13538
Techno Elec & Eng Co. Limited,TECHNOE,6445
Tecil Chemicals,TECILCHEM,3453
Tega Industries Limited,TEGA,7105
Tejas Networks Limited,TEJASNET,21131
Tembo Global Ind Limited,TEMBO,3275
Tenneco Clean Air India L,TENNIND,759880
Texmaco Infra & Holdg Limited,TEXINFRA,11549
Texmo Pipe & Products Limited,TEXMOPIPES,18214
Texmaco Rail & Eng. Ltd.,TEXRAIL,21828
Tourism Finance Corp. of,TFCILTD,3466
Transwarranty Fin. Ltd.,TFL,14319
Tgb Banquets&Hotels Limited,TGBHOTELS,14607
Thangamayil Jewellery Limited,THANGAMAYL,18118
The Invest Trust of Ind L,THEINVEST,21427
Thejo Engineering Limited,THEJO,19279
Leela Palaces Hotel Limited,THELEELA,757014
Themis Medicare Ltd.,THEMISMED,14485
Thermax Limited,THERMAX,3475
Thomas Cook (India) Limited,THOMASCOOK,3481
Thomas Scott (India) Limited,THOMASCOTT,31017
Thyrocare Tech Limited,THYROCARE,17032
Tilaknagar Industries Limited,TI,19196
Tiger Logistics (India) L,TIGERLOGS,759176
Technocraft Ind Limited,TIIL,14223
Tube Invest of India Limited,TIINDIA,312
Tijaria Polypipes Limited,TIJARIA,25482
Til Limited,TIL,3484
Time Technoplast Ltd.,TIMETECHNO,14707
Timken India Ltd.,TIMKEN,14198
Tinna Rubber & Infr Limited,TINNARUBR,756020
Tips Films Limited,TIPSFILMS,11374
Tips Music Limited,TIPSMUSIC,9117
Thirumalai Chemicals Limited,TIRUMALCHM,3496
Tirupati Forge Limited,TIRUPATIFL,22282
Titagarh Rail Systems Limited,TITAGARH,15414
Titan Company Limited,TITAN,3506
Tamilnad Merca Bank Limited,TMB,10945
Tata Motors Limited,TMCV,759782
Tata Motors Pass Veh Limited,TMPV,3456
Tamilnadu Petroproducts L,TNPETRO,3509
Tamilnadu Newsprt & Paper,TNPL,3980
Tamilnadu Telecommunicati,TNTELE,3512
Tokyo Plast Intl Limited,TOKYOPLAST,3837
Tolins Tyres Limited,TOLINS,25262
Torrent Pharmaceuticals L,TORNTPHARM,3518
Torrent Power Limited,TORNTPOWER,13786
Total Transport Sys Limited,TOTAL,22423
Touchwood Entertain Ltd.,TOUCHWOOD,16908
Teamo Productions Hq Limited,TPHQ,16996
Tpl Plastech Limited,TPLPLASTEH,9219
Tracxn Technologies Limited,TRACXN,11582
Transrail Lighting Limited,TRANSRAILL,28714
Transworld Ship Lines Limited,TRANSWORLD,3129
Travel Food Services Limited,TRAVELFOOD,757545
Tree House Edu Limited,TREEHOUSE,25082
Transindia Real Estate L,TREL,17795
Trent Limited,TRENT,1964
Trf Limited,TRF,17987
Trident Limited,TRIDENT,9685
Triveni Turbine Limited,TRITURBINE,25584
Triveni Engg. & Inds. Limited,TRIVENI,13081
Trucap Finance Limited,TRU,9378
Trualt Bioenergy Limited,TRUALT,759210
Tsf Investments Limited,TSFINV,2183
Ttk Healthcare Limited,TTKHLTCARE,11369
Ttk Prestige Limited,TTKPRESTIG,3546
T T Limited,TTL,14314
Tata Teleserv(Maharastra),TTML,8954
Tvs Electronics Limited,TVSELECT,11265
Tvs Holdings Limited,TVSHLTD,29008
Tvs Motor Company Limited,TVSMOTOR,8479
Tvs Supply Chain Sol L,TVSSCS,18151
Tvs Srichakra Limited,TVSSRICHAK,14245
Tv Today Network Limited,TVTODAY,11275
Tv Vision Limited,TVVISION,18504
United Breweries Limited,UBL,16713
Ucal Limited,UCAL,3570
Uco Bank,UCOBANK,11223
Updater Services Limited,UDS,19113
United Foodbrands Limited,UFBL,3127
Uflex Limited,UFLEX,1053
Ufo Moviez India Ltd.,UFO,9039
The Ugar Sugar Works Limited,UGARSUGAR,19578
Ugro Capital Limited,UGROCAP,5313
Ujjivan Small Financ Bank,UJJIVANSFB,15228
Ultratech Cement Limited,ULTRACEMCO,11532
Uma Exports Limited,UMAEXPORTS,8842
Usha Martin Edu & Sol Limited,UMESLTD,19142
Umiya Buildcon Limited,UMIYA-MRO,8998
Unichem Laboratories Limited,UNICHEMLAB,3579
United Drilling Tools Limited,UNIDT,201
Unicommerce Esolutions L,UNIECOM,24809
Uniphos Enterprises Limited,UNIENTER,11293
Uniinfo Telecom Servi Limited,UNIINFO,7791
Unimech Aerospace N Mfg L,UNIMECH,28960
Union Bank of India,UNIONBANK,10753
Uniparts India Limited,UNIPARTS,13057
United Spirits Limited,UNITDSPR,10447
Unitech Limited,UNITECH,3594
United Nilgiri Tea Limited,UNITEDTEA,17999
Univastu India Limited,UNIVASTU,18977
Universal Cables Limited,UNIVCABLES,3607
Universus Imagings Limited,UNIVPHOTO,17659
Uno Minda Limited,UNOMINDA,14154
Upl Limited,UPL,11287
Uravi Defence &Tech Limited,URAVIDEF,17071
Urban Company Limited,URBANCO,759084
Urja Global Limited,URJA,20203
Usha Martin Ltd.,USHAMART,8840
Udayshivakumar Infra Limited,USK,14871
Uti Asset Mngmt Co Limited,UTIAMC,527
Utkarsh Small Fin Bank L,UTKARSHBNK,17358
Fujiyama Power Systems L,UTLSOLAR,759876
Uttam Sugar Mills Ltd.,UTTAMSUGAR,13376
V2 Retail Limited,V2RETAIL,14766
Vadilal Industries Limited,VADILALIND,24196
Vaibhav Global Limited,VAIBHAVGBL,11364
Vaishali Pharma Limited,VAISHALI,16589
Vakrangee Limited,VAKRANGEE,13342
Valiant Laboratories Limited,VALIANTLAB,19218
Valiant Organics Limited,VALIANTORG,330
Vardhaman Acrylics Limited,VARDHACRLC,11220
Vardhman Polytex Ltd.,VARDMNPOLY,3646
Varroc Engineering Ltd.,VARROC,3857
Vascon Engineers Limited,VASCONEQ,18110
Vaswani Ind Limited,VASWANI,25340
Varun Beverages Limited,VBL,18921
Vedanta Limited,VEDL,3063
Veedol Corporation Limited,VEEDOL,14019
Venky S (India) Limited,VENKEYS,3757
Ventive Hospitality Limited,VENTIVE,28847
Venus Pipes & Tubes Limited,VENUSPIPES,9592
Venus Remedies Limited,VENUSREM,13859
Veranda Learning Sol Limited,VERANDA,8890
Vertoz Limited,VERTOZ,18863
Vesuvius India Limited,VESUVIUS,3676
Veto Switchgear Cable Limited,VETO,8652
Varvee Global Limited,VGL,13771
V-Guard Ind Ltd.,VGUARD,15362
Vardhman Holdings Limited,VHL,11892
Vidhi Spclty F Ingrdnts L,VIDHIING,13536
Vijaya Diagnostic Cen Limited,VIJAYA,5585
Viji Finance Limited,VIJIFIN,17691
Vikas Ecotech Limited,VIKASECO,25756
Vikas Lifecare Limited,VIKASLIFE,9931
Vikram Solar Limited,VIKRAMSOLR,759453
Vikran Engineering Limited,VIKRAN,758973
Vimta Labs Limited,VIMTALABS,13101
Vinati Organics Limited,VINATIORGA,17364
Vintage Coffee N Bvrgs L,VINCOFE,25835
Vindhya Telelinks Limited,VINDHYATEL,3694
Vineet Laboratories Limited,VINEETLAB,3807
Vinny Overseas Limited,VINNY,12490
Vinyl Chemicals (I) Ltd.,VINYLINDIA,16821
Vip Clothing Limited,VIPCLOTHNG,14843
Vip Industries Limited,VIPIND,3703
Vipul Limited,VIPULLTD,8424
Visaka Industries Limited,VISAKAIND,4221
Vishnu Chemicals Limited,VISHNU,6908
Vishwaraj Sugar Ind Limited,VISHWARAJ,13702
Visagar Polytex Limited,VIVIDHA,29877
Vl E Gov & It Sol Limited,VLEGOV,18012
Vls Finance Limited,VLSFINANCE,3715
Vmart Retail Limited,VMART,29284
Vishal Mega Mart Limited,VMM,27969
Vms Tmt Limited,VMSTMT,759152
Voltamp Transformers Limited,VOLTAMP,13577
Voltas Limited,VOLTAS,3718
Vishnu Prakash R Pungli L,VPRPL,18341
Vraj Iron & Steel Limited,VRAJ,24321
Vrl Logistics Limited,VRLLOG,8696
Vardhman Spc Steel Limited,VSSL,27067
Vst Industries Limited,VSTIND,3724
Vibhor Steel Tubes Limited,VSTL,22730
Vst Tillers Tractors Limited,VSTTILLERS,24292
Vardhman Textiles Limited,VTL,2073
Waaree Energies Limited,WAAREEENER,25907
Waaree Renewable Tech Limited,WAAREERTL,756038
Va Tech Wabag Limited,WABAG,20188
Walchandnagar Industries,WALCHANNAG,3736
Wanbury Limited,WANBURY,14063
Western Carriers (Ind) L,WCIL,25403
Wealth Frst Port. Mg. Limited,WEALTH,1923
Weizmann Limited,WEIZMANIND,3748
Wonder Electricals Limited,WEL,7835
Welspun Corp Limited,WELCORP,11821
Welspun Enterprises Ltd.,WELENT,11626
Welspun Inv & Comm Limited,WELINV,19800
Welspun Living Limited,WELSPUNLIV,11253
Wendt (India) Limited,WENDT,4235
Westlife Foodworld Limited,WESTLIFE,11580
Wework India Management L,WEWORK,759434
Wheels India Limited,WHEELS,3766
Whirlpool of India Limited,WHIRLPOOL,18011
Williamson Magor,WILLAMAGOR,3772
Windlas Biotech Limited,WINDLAS,5366
Windsor Machines Limited,WINDMACHIN,24969
The Western India Ply Limited,WIPL,20481
Wipro Limited,WIPRO,3787
Wockhardt Limited,WOCKPHARMA,7506
Wonderla Holidays Ltd.,WONDERLA,3002
Worth Peripherals Limited,WORTHPERI,22277
W.S.Industries (I) Ltd.,WSI,14828
West Coast Paper Mills Lt,WSTCSTPAPR,3799
Xchanging Solutions Limited,XCHANGING,11705
Xpro India Limited,XPROINDIA,11407
Xtglobal Infotech Limited,XTGLOBAL,25235
Yasho Industries Limited,YASHO,18131
Yatharth Hosp & Tra C S L,YATHARTH,17738
Yatra Online Limited,YATRA,18760
Yes Bank Limited,YESBANK,11915
Yuken India Limited,YUKEN,5501
Zaggle Prepa Ocean Ser L,ZAGGLE,18608
Zee Entertainment Ent Limited,ZEEL,3812
Zee Learn Limited,ZEELEARN,20852
Zee Media Corporation Limited,ZEEMEDIA,14003
Zenith Exports Limited,ZENITHEXPO,4176
Zensar Technologies Limited,ZENSARTECH,1076
Zen Technologies Limited,ZENTEC,7508
Zf Com Ve Ctr Sys Ind Limited,ZFCVINDIA,16915
Zim Laboratories Limited,ZIMLAB,12384
Zodiac Energy Limited,ZODIAC,7129
Zodiac Clothing Co. Ltd.,ZODIACLOTH,3821
Zota Health Care Limited,ZOTA,11394
Zuari Agro Chemicals Limited,ZUARI,29050
Zuari Industries Limited,ZUARIIND,3827
Zydus Lifesciences Limited,ZYDUSLIFE,7929
Zydus Wellness Limited,ZYDUSWELL,17635
